,Comment
0,"Download Audicate Now &amp; Listen to Audio books for CBSE, NCERT, UPSC, NEET, IITJEE, SSC, EPFO in Just â‚¹199/ - <a href=""http://lnkiy.in/Audicate"">http://lnkiy.in/Audicate</a>"
1,Ye sab Quran me likha hai beskhak allah qadir hai
2,Anyone form 2027 ? <br>Time traveller ğŸ˜Š
3,Yes
4,30 April 2024
5,"Human can never be alive more than dinosaurs, if they don&#39;t realize....."
6,100 core support â¤
7,Is video sabit hota yeh ki god nahi the
8,"<a href=""https://www.youtube.com/watch?v=ZJG1FjH1cEE&amp;t=52"">0:52</a> the question mark with dianasaurs skeleton shows how passionately you are making these videos.. One could have used simple  question marks as well.."
9,ğŸŒğŸŒğŸŒğŸŒğŸŒğŸŒğŸŒğŸŒğŸŒğŸŒ 2024see
10,Evoulution nahi janab .. iss evolution ko bataty huye to aapki Apni hi hassi nahi rukk rahi qk yeh story just story hy.. Fact is har makhlooq ko ALLAH (SWT) Ny paida kiya hy
11,29 April 2024
12,"Actually someone said, agar iss dharti pe koi insaan na reheta toh dharti bahut sundar hotiâ¤. As a human we failed everywhereğŸ˜ŒğŸ˜…"
13,"<a href=""https://www.youtube.com/watch?v=ZJG1FjH1cEE&amp;t=925"">15:25</a> And what you think insaan bach jayenge earth ke lifetime tak .... Ye extinctions Chalte rahenge  Dinosaur jitna din raaj kiya hum utna din bhi nehi kar payenge .... Nature ko koi samajh nehi sakta..... Ye hamara time hai ane wala time kisi or ka hoga"
14,Dinosaur ka ant by Shyam tomar best khatarnaq video haiğŸ‘ ek asteroid ne kuch minutes me kaise pure planet pr living non living species ko khatm kiya ğŸ˜¢aur uske baad kis tarah ussse bhi badtar baki Prithvi  ka haal huağŸ˜®
15,Bohot Kuch sikhe ne ko milta hei Bhai Ka video se... ğŸŒ±ğŸŒ¿ğŸŒ³ Please save nature ğŸ™ğŸ¾ tree ğŸŒ´ very important this time 2024..
16,8:00 pm. Par kon. Dekh raha hy
17,I support Dhruv Rathi sir
18,à¤­à¤¾à¤ˆ à¤µà¥‡à¤¦ à¤­à¥€ à¤‡à¤¸ time à¤¡à¤¾à¤¯à¤¨à¤¾à¤¸à¥‹à¤° à¤•à¥‡ à¤†à¤¸ à¤ªà¤¾à¤¸ à¤­à¤Ÿà¤• à¤°à¤¹à¥‡ à¤¹à¥‹à¤‚à¤—à¥‡ à¤¨ğŸ˜‚ğŸ˜‚ğŸ˜‚
19,Fir koi ye bataye phle bhagwan aya ya insaan
20,Just came here  as I like his knowledge related content else I hate this man for his 25*7 antimodi campaign
21,Kaun-kaun 2025 Mein dekh raha hai
22,â¤â¤ dhruv Rathi â¤â¤â¤
23,Nice video ğŸ˜Š
24,Dhruv rathee then âœ… Dhruv rathee now âŒğŸ¥ºğŸ¥º
25,Dhruv Vai agar wo astroid sea me jakar girta to dinosaur zinda rahta ya mar jata??
26,Yes I am
27,Aapne saare theory 12th ke evolution se liya hain but explain accha Kiya hain ..thank you bhaiya...â¤â¤
28,Sir Faisal waraich and brother Dhruv Rathee are two shining stars in Indo-pak.
29,to fir devta konse period me the dhru bhiağŸ˜‚
30,archaeptteryxx   from business proposal ğŸ˜‚
31,Insan apni harkat ki wajah se jaldi hi na nimat jayenğŸ˜ğŸ˜
32,ğŸ‘ğŸ‘ğŸ‘ğŸ‘ğŸ‘ğŸ‘ğŸ’™ğŸ’™ğŸ’™ğŸ’™ğŸ‘ğŸ‘ğŸ’™ğŸ’™ğŸ’™ğŸ˜ˆğŸ˜ˆğŸ˜ˆğŸ˜ˆğŸ˜ˆğŸ˜ˆğŸ˜ˆğŸ’™ğŸ’™ğŸ’™ğŸ’™ğŸ’™ğŸ’™ğŸ’™ğŸ’™ğŸ’™ğŸ‘ğŸ‘ğŸ‘ğŸ‘ğŸ‘ğŸ‘ğŸ‘
33,We need to save our earth ğŸŒâ¤
34,God bless you
35,24 April 2024 me kon kon dekh rha hai
36,Mai nhi hu
37,can you make vedio on 7 civilization (scince)
38,1 million year tak survive ke baad khatm ho jayega insaan sayad kyonki pollution bahot ho raha hai duniya mein forest harvesting badh gaya hai
39,God knows
40,ARK players be like Abe ya to wo wala dinosaur ha wo wala thukne wala ğŸ˜‚
41,Tu jama b ni tha Tab ki bat ha yeh
42,just about phenomenal Dhruvji.keep up the wonderful work and keep educating us .God bless you and your family.ğŸ‰
43,Bhai tab insan hongey?
44,Sir.. I want to know about titanoboa.. Plz make a vdo on that.. Whether it is fake or real..
45,Janne Ke Liye Kitna Kuch Hain &amp; Puri Duniya Religion Ke Chakkar Mein Hain Rehh!! Future Bright Banani Hain To God/Goddess Per Yakin Rakhon Spiritual Bano &amp; Asli Zindegi Ko Dhundo Earth Mein Bohot Kuch Hain Janne Ke Liye Humhey Educated Banni Hain Hum Sabko
46,Please God jaldi se ek bda sa asteroid bhejo dharti par. Mn ub gya gai sala.
47,Great video sirâ¤
48,Or bhagvan kab aye ? ğŸ¤”<br>Please explain rathiji
49,FIR Prithvi ka janm kaise hua
50,Respect for dhruv rathi sir â¤â¤â¤
51,"<a href=""https://www.youtube.com/watch?v=ZJG1FjH1cEE&amp;t=1372"">22:52</a> <br>Qayamat Ai gi InshAllah Hona Wahi Ha Jo Mera Allah Na Chahna Haiâ¤â¤"
52,"Depends on astroid, earthquake ğŸ˜¢"
53,Anyone in 2025???ğŸ˜‚
54,Human will extinct in next 1 million year <br>Due to  Nuclear World War
55,Thanks sirğŸ™ğŸ™ğŸ™ğŸ™ğŸ™ğŸ™ğŸ™ğŸ™ğŸ™ğŸ™ğŸ™ğŸ‘ŒğŸ‘ŒğŸ‘ŒğŸ‘Œâ¤â¤ğŸ˜¢ğŸ˜¢ğŸ˜®ğŸ˜®
56,Bhai aap  bahut achi vidio bnate ho
57,ğŸ˜…ğŸ˜…ğŸ˜…ğŸ˜…well information good show you can get ğŸ˜…ğŸ˜…
58,ğŸ˜…ğŸ˜…ğŸ˜®ğŸ˜…ğŸ˜…ğŸ˜®ğŸ˜…ğŸ˜…ğŸ˜…ğŸ˜…well ingormeti0n.Good show more content is ğŸ˜…ğŸ˜…
59,I wish the day of dinosaur extinction never happened as it resulted the beginning of evolution of human
60,12:4 though
61,Koun koun iss video ko 3001 mein dekh rha hai<br>ğŸ‘‡
62,â¤
63,1 million tak
64,2M
65,17 April 2024 me kon kon dekh raha he â¤
66,Collect information from here n there and pile them up.. Already known to those who have studied the facts way bac in their lives.
67,Kaun kaun iss video ko 2054 ma dekh raha tha ğŸ˜…
68,Good job sirğŸ˜Š
69,Kon kon 2025 me drkh raha he ğŸ˜‚ğŸ˜‚ğŸ˜‚
70,"Aur Dragaon kya hotey hai <br><a href=""https://www.youtube.com/watch?v=ZJG1FjH1cEE&amp;t=421"">7:01</a>  shayad hawa mein urrne wale dinasourğŸ˜‚ğŸ˜‚"
71,If the world keep going in the same way like the way going going now for the humans then the end is very soon
72,It can prove by doremon ğŸ˜‚
73,NASA should make weapons to destroy Asteroids
74,"Oh, ğŸ˜³ğŸ˜¯ looks like Thanos also wiped out Dinosaurs ğŸ¦–ğŸ¦• ğŸ˜‚ğŸ˜ƒğŸ¤£ğŸ˜†"
75,Earth ğŸŒ  is wonderful
76,Ha bat sahi hai par hum inshan hi the janwar se inshan nahi bne
77,â¤ï¸ğŸ™
78,Cheetah speed 120 km/h<br>Dinasour speed 90km/h<br>HahahahahahğŸ˜‚ğŸ˜‚
79,kuran me pehle se hi likah ta allah hu  akbar allhamdulila
80,Only for Mahadev like
81,ğŸ™ŒğŸ»
82,Bhai kis yug me Dinosaur aaye the
83,"Great video.....<br><br>it&#39;s quiet dis heartening that we single human species endangering the life of thousands of other species. .....<br><br>at the same time its a great feeling to be a human being as in the same disastrous human  species itself Dhruv Rathee type many wonderfull individuals too live, across the world...Lets hope such people do ensure that this wonderful earth will survive forever..."
84,Correction there is no flying dinosaur they are flying reptiles aur Modern birds therapods dinosaur like t rex and archaeopteryx and velociraptors and etc se evolve hue hai aur  there is no marine dinosaur apne ek video me kha tha spinosaurus sabse à¤ªà¤¹à¤²à¤¾ sub aquatic dinosaur tha woh bhi confirmed nhi hai aur mai ush year ki baat kar raha hu jab apne video banai thi please galat information share mat karo ğŸ˜¢ à¤§à¥à¤¯à¤¾à¤¨ se research karo apne aap se kuch mat kaho <br>My advice Research carefully please ğŸ™ğŸ™
85,Mei dekh rha hun
86,Tried to explain most appropriate dada Dhrub bhai opâ¤
87,Waiting for astroid 2.0 ğŸ¤¯
88,Good knowledge and videos good work
89,Very beautiful presentation.....very much useful...thank you sir
90,"Mujhe nahi lagta ki hum dinosaurs ko beat kar payenge...jis tarah se sab jaa raha aaj kal....vaise can you imagine, ki jab humans extinct ho jayenge aur naya period shuru hoga tab phirse sab aayega..evolution hoga...sab naya hoga...and who knows phirse insaano ka evolution ho jaye...agar aisa hua to vo bhi research vaigera karenge and phir vo kya bolenge...ki so and so years pehle insaan hua karte the...but then unke hi karan vo extinct ho gaye (sorry...I just overthink...even idk ki mai kyu soch rahi hu yeğŸ˜…)....and soch kar dekho...puuuuureeee universe me sirf hum jinda jeev hai...matlab sirf hamari dharti par jaan hai...woaahh...feels cool...I mean aap mujhe pagal samajh rahe hoge but mujhe bohot crazy lag raha hai...just think about it...actually overthink..okk sorry for so much nonsense...bas jo laga vo likh diya..sunne wala koi nahi hai to likh hi diyağŸ˜‚"
91,"<a href=""https://www.youtube.com/watch?v=ZJG1FjH1cEE&amp;t=1105"">18:25</a>"
92,Me
93,BJP hai to jalad hi tabahi aane wali <br>Kohram aayega sab insano sath le jayega hasna nahi I&#39;m serious
94,"Na hi insan 3lakh saal se hain aur na hi dinosaurs jitna zinda rah payenge, aur mujhe aisa lagta nahi hai balkeh haqiqat hi yahi hai"
95,What about zacharys
96,morena  m p india
97,What did dinosaurs eat back then ?
98,Meeh
99,"à¤¸à¤° à¤œà¥€, <br>à¤®à¥ˆ à¤µà¤¿à¤¶à¥à¤µà¤¾à¤¸ à¤¨à¤¹à¥€ à¤•à¤° à¤ªà¤¾ à¤°à¤¹à¤¾ à¤¹à¥‚à¤  à¤•à¤¿ 6356.7 km radius à¤µà¤¾à¤²à¥€ à¤ªà¥ƒà¤¥à¥à¤µà¥€ à¤•à¥‹ à¤®à¤¾à¤¤à¥à¤° 10-15 km à¤µà¤¾à¤²à¥€ à¤¬à¤¾à¤¹à¤°à¥€ à¤—à¥‹à¤²à¤¾ à¤•à¥‡ à¤Ÿà¤•à¥à¤•à¤° à¤¸à¥‡ à¤à¤¸à¤¾ à¤¸à¤¬ à¤•à¥à¤› à¤¹à¥à¤†?.....ğŸ¤”ğŸ¤"
100,According to my village we defeat danisores
101,Me joh question soch Raha tha 16.45 tha.
102,Ye sab apne. Aap paida hue to fir only male female he ku hai or bhi kuch 3 ya 4 bhi kuch ho skta tha
103,Thanks for sharing bro ğŸ™
104,Dhrub vai ap ek video banawona  astroit se releted
105,Superb ğŸ‰
106,Kon kon Aaj dekh rha hai?
107,Sir ji aap plz abhi ek video  banaye in deep  climate change  par is ki bahot jarurat hya abhi ke time par
108,100 -1000 times is the ncert lines for neet aspirantğŸ˜§
109,Very nice video with a scientific approach
110,Bilkul nahi rah payenge insan dinosaur jitna
111,Asteroid ka evidence diya apney<br>Satyug dvaparug tritaug kab huva tha
112,who  see this video from 2035
113,Great video Dhruv Bhai â¤â¤
114,Video is good but human ke bary me Jo AP ke information he ke insan phele asa tha or asa he wo wrong he insan early age se he perfect  tha Allah ne insan ko perfect banaya he
115,100 million tk people â¤ğŸ˜…
116,really informative
117,Sir can you make video about multiple universe
118,ğŸ™ğŸ™ğŸ‘ğŸ‘
119,Nah but some people randomly mixed some sounds and called it a dinosaurâ€™s roar without hearing it themselves and we just accepted it?ğŸ˜­
120,Sab word Greek word se keu banta hyin ğŸ˜¢ğŸ˜‚
121,What if dinosaur evolves to humans if they were not exitint
122,Dragons ke bare me bhi ek video bana do
123,Allah
124,Insan nhi manege to Dave ke sath kehta hu ki earth bilkul tbah hoga
125,Human Bhi Aise Extinct ho jaye ğŸ˜‚ğŸ˜‚ğŸ˜‚
126,Kon Kon 2026 mai Videos Dekh  raha hai ğŸ˜…
127,Sirji YETI ke bare me bataiyeğŸ˜‚
128,Mere khayal se agar hame earth ğŸŒ ko only jansnkhya par kabhu pa kar hi bachha sakte hai anyatha nhi
129,Hu
130,Kaun kaun 2 April ko dekh raha hai vo like krega
131,Love u all
132,Aisa toh kabhi nhi ho skta ki ek bhi dinosaurs nhi bacha hoga
133,Sir jeveirope asia america canada jaise desh kaise bne log kaise alag huye. Inpr video bnana.. Jaroor
134,Insan bohut jokdi kotom ho jayega kiya mot ayega<br>Ye hamara nabi: ka kehna he ahi sach he
135,Form Bangladesh â¤
136,That was not a asteroid who destroyed life that was nowadays word a nuclear bomb which we human blasted towards earth so that we can shift and start living here
137,Jo log puch rahe hai ki kon kon 2024 me dekh raha hai toh unko batadu ki gira hua insaan main hoon
138,LailahaillALLAH Muhammad ur rasoolulALLAH ğŸ˜Š
139,Aaj k time m paisa kmane m lge log nature ko nhi dekhna chahate ese log apne swarth k liye nature ko continues harm kr rhe h..
140,Mai
141,Great video ğŸ‘ŒğŸ‘ŒğŸ‘ŒğŸ™
142,"I am kattar hindu and pro BJP supporter, but I like your videos except political videos"
143,Muslim hatao desh bachao
144,Oye laoro
145,à¤¡à¤¾à¤¯à¤¨à¤¾à¤¸à¥‹à¤° à¤•à¤¾ à¤œà¥‹ à¤‡à¤®à¥‡à¤œà¤¿à¤‚à¤— à¤¡à¥à¤°à¥‰à¤‡à¤‚à¤— à¤¹à¥ˆ à¤µà¥‹ à¤à¤¸à¤¾ à¤¨à¤¹à¥€à¤‚ à¤¥à¤¾ | à¤¬à¥à¤²à¤•à¤¿ à¤¯à¥‡ à¤¬à¤¡à¤¼à¥‡ à¤†à¤•à¤¾à¤° à¤•à¥‡ à¤ªà¤‚à¤›à¥€ à¤¹à¥‹à¤¤à¤¾ à¤¥à¤¾ à¤œà¥‹ à¤¸à¤¤à¤¯à¥à¤— à¤”à¤° à¤¤à¥à¤°à¥‡à¤¤à¤¾ à¤¯à¥à¤— à¤•à¥‡ à¤²à¥‹à¤—à¥‹à¤‚ à¤•à¥‹ à¤à¤• à¤¸à¥à¤¥à¤¾à¤¨ à¤¸à¥‡ à¤¦à¥‚à¤¸à¤°à¥‡ à¤¸à¥à¤¥à¤¾à¤¨ à¤¤à¤• à¤²à¥‡ à¤œà¤¾à¤¨à¥‡ à¤•à¤¾ à¤•à¤¾à¤® à¤®à¥‡à¤‚ à¤†à¤¤à¤¾ à¤¥à¤¾ | à¤¯à¥‡ à¤•à¥à¤› à¤Šà¤à¤šà¤¾à¤ˆ à¤¤à¤• à¤‰à¤¡à¤¼à¤¾à¤¨ à¤­à¥€ à¤­à¤°à¤¤à¤¾ à¤¥à¤¾ | à¤¯à¥‡ à¤¶à¤¾à¤•à¤¾à¤¹à¤¾à¤°à¥€ à¤¹à¥‹à¤¤à¥‡ à¤¥à¥‡à¤‚ | à¤‡à¤¨à¤•à¥€ à¤ªà¥à¤°à¤œà¤¾à¤¤à¤¿ à¤‡à¤¸à¤²à¤¿à¤ à¤–à¤¤à¥à¤® à¤¹à¥‹ à¤—à¤¯à¤¾ à¤ªà¤¹à¤²à¤¾ à¤•à¤¾à¤°à¤£ à¤¯à¥‡ à¤¹à¥ˆ à¤•à¤¿ à¤‡à¤¨à¤•à¥€ à¤œà¤¨à¤¸à¤‚à¤–à¥à¤¯à¤¾ à¤•à¤¾à¤«à¥€ à¤•à¤® à¤¹à¥à¤† à¤•à¤°à¤¤à¤¾ à¤¥à¤¾ à¤”à¤° à¤¦à¥‚à¤¸à¤°à¤¾ à¤•à¤¾à¤°à¤£ à¤¯à¥‡ à¤¹à¥ˆ à¤•à¤¿ à¤¤à¥à¤°à¥‡à¤¤à¤¾ à¤¯à¥à¤— à¤•à¥‡ à¤…à¤‚à¤¤ à¤”à¤° à¤¦à¥à¤µà¤¾à¤ªà¤° à¤¯à¥à¤— à¤•à¥€ à¤†à¤¦à¤¿ à¤•à¥‡ à¤¬à¥€à¤š à¤•à¥‡ à¤¸à¤®à¤¯ à¤®à¥‡à¤‚ à¤ªà¥ƒà¤¥à¥à¤µà¥€ à¤ªà¤° à¤à¤• à¤…à¤°à¥à¤§ à¤µà¤¿à¤¨à¤¾à¤¶ à¤¹à¥‹à¤¤à¤¾ à¤¹à¥ˆ à¤”à¤° à¤‡à¤¸ à¤µà¤¿à¤¨à¤¾à¤¶ à¤•à¥‡ à¤¸à¤¾à¤¥ à¤¸à¤¾à¤¥ à¤‡à¤¸ à¤¡à¤¾à¤¯à¤¨à¤¾à¤¸à¥‹à¤° à¤•à¥€ à¤ªà¥à¤°à¤œà¤¾à¤¤à¤¿ à¤–à¤¤à¥à¤® à¤¹à¥‹ à¤—à¤ˆ à¤¥à¥€ à¤”à¤° à¤‰à¤¸à¥€ à¤¸à¤®à¤¯ à¤¹à¥€ à¤‡à¤¸à¥€ à¤…à¤°à¥à¤§ à¤µà¤¿à¤¨à¤¾à¤¶ à¤®à¥‡à¤‚ à¤ªà¥ƒà¤¥à¥à¤µà¥€ à¤•à¤¾ à¤à¤• à¤¹à¤¿à¤¸à¥à¤¸à¤¾ à¤Ÿà¥‚à¤Ÿ à¤•à¤° à¤¬à¤¹à¥à¤¤ à¤¦à¥‚à¤° à¤¤à¤• à¤›à¤¿à¤Ÿà¤• à¤—à¤¯à¤¾ à¤œà¤¿à¤¸à¥‡ à¤†à¤œ à¤¹à¤® à¤¸à¤­à¥€ à¤šà¤‚à¤¦à¥à¤°à¤®à¤¾ à¤•à¥‡ à¤¨à¤¾à¤® à¤¸à¥‡ à¤œà¤¾à¤¨à¤¤à¥‡ à¤¹à¥ˆà¤‚ à¤œà¥€ à¤¹à¤¾à¤ à¤šà¤‚à¤¦à¥à¤°à¤®à¤¾ à¤ªà¥ƒà¤¥à¥à¤µà¥€ à¤•à¤¾ à¤¹à¥€ à¤à¤• à¤¹à¤¿à¤¸à¥à¤¸à¤¾ à¤¹à¥ˆ | à¤œà¥‹ à¤†à¤œ à¤‰à¤¸ à¤šà¤‚à¤¦à¥à¤°à¤®à¤¾ à¤•à¥‡ à¤­à¤¾à¤— à¤•à¥‹ à¤¹à¤® à¤¸à¤­à¥€ à¤¸à¤®à¥à¤¦à¥à¤° à¤¸à¥‡ à¤­à¤°à¥‡ à¤¹à¥à¤ à¤°à¥‚à¤ª à¤®à¥‡à¤‚ à¤¦à¥‡à¤–à¤¤à¥‡ à¤¹à¥ˆà¤‚ | à¤šà¤¿à¤¡à¤¼à¤¿à¤¯à¤¾ à¤•à¥€ à¤ªà¥à¤°à¤œà¤¾à¤¤à¤¿ à¤…à¤²à¤— à¤¹à¥ˆ à¤µà¥‹ à¤¡à¤¾à¤¯à¤¨à¤¾à¤¸à¥‹à¤° à¤¸à¥‡ à¤¨à¤¹à¥€à¤‚ à¤¬à¤¨à¤¾ à¤¹à¥ˆ | à¤¸à¤¤à¤¯à¥à¤— à¤”à¤° à¤¤à¥à¤°à¥‡à¤¤à¤¾ à¤¯à¥à¤— à¤®à¥‡à¤‚ à¤šà¤‚à¤¦à¥à¤°à¤®à¤¾ à¤¨à¤¹à¥€à¤‚ à¤¥à¤¾ à¤‡à¤¸à¥€à¤²à¤¿à¤ à¤‰à¤¸ à¤¸à¤®à¤¯ à¤°à¤¾à¤¤ à¤¨à¤¹à¥€à¤‚ à¤¹à¥‹à¤¤à¥€ à¤¥à¥€ I à¤”à¤° à¤…à¤¬ à¤¹à¤® à¤œà¥‹ à¤ªà¥ƒà¤¥à¥à¤µà¥€ à¤ªà¤° à¤¦à¤¿à¤¨ à¤°à¤¾à¤¤ à¤¦à¥‡à¤–à¤¤à¥‡ à¤¹à¥ˆà¤‚ à¤µà¥‹ à¤‡à¤¸à¥€ à¤šà¤‚à¤¦à¥à¤°à¤®à¤¾ à¤•à¥‡ à¤•à¤¾à¤°à¤£ à¤¹à¥€ à¤¹à¥ˆ | à¤°à¤¾à¤ à¥€ à¤œà¥€ à¤‡à¤¸ à¤ªà¤° à¤†à¤ª à¤…à¤ªà¤¨à¤¾ à¤–à¥à¤¦ à¤•à¤¾ à¤µà¤¿à¤šà¤¾à¤° à¤•à¥€à¤œà¤¿à¤ | à¤•à¥à¤¯à¥‹à¤‚à¤•à¤¿ à¤•à¥à¤› à¤šà¥€à¤œà¥‹ à¤•à¤¾ à¤¸à¤¤à¥à¤¯ à¤¨à¤¾ à¤¹à¥€ à¤•à¤¿à¤¤à¤¾à¤¬à¥‹à¤‚ à¤®à¥‡à¤‚ à¤®à¤¿à¤²à¥‡à¤—à¥€<br> à¤”à¤° à¤¨à¤¾ à¤¹à¥€ à¤¹à¤¿à¤¸à¥à¤Ÿà¥à¤°à¥€ à¤®à¥‡à¤‚ |<br>à¤‡à¤¸à¤•à¤¾ à¤œà¥‹ à¤¨à¤¾à¤® à¤‡à¤¤à¤¨à¤¾ à¤­à¤¯à¤¾à¤¨à¤• à¤°à¤–à¤¾ à¤—à¤¯à¤¾ à¤—à¤¯à¤¾ à¤¹à¥ˆ à¤¡à¤¾à¤¯à¤¨à¤¾à¤¸à¥‹à¤° à¤µà¤¾à¤¸à¥à¤¤à¤µ à¤®à¥‡à¤‚ à¤‡à¤¤à¤¨à¥‡ à¤­à¤¯à¤¾à¤¨à¤• à¤¨à¤¹à¥€à¤‚ à¤¹à¥‹à¤¤à¥‡ à¤¥à¥‡ | à¤¯à¥‡ à¤ªà¤¾à¤²à¤¤à¥‚ à¤¹à¥‹à¤¤à¥‡ à¤¥à¥‡à¤‚ à¤œà¤¿à¤¸à¤•à¥€ à¤¸à¤µà¤¾à¤°à¥€ à¤à¤• à¤›à¥‹à¤Ÿà¤¾ à¤¬à¤šà¥à¤šà¤¾ à¤­à¥€ à¤•à¤° à¤¸à¤•à¤¤à¤¾ à¤¥à¤¾ à¤¬à¤¿à¤¨à¤¾ à¤•à¤¿à¤¸à¥€ à¤¡à¤° à¤•à¥‡ | à¤²à¥‹à¤—à¥‹à¤‚ à¤¨à¥‡ à¤‡à¤¸à¤•à¥‹ à¤­à¤¯à¤¾à¤¨à¤• à¤°à¥‚à¤ª à¤¦à¥‡ à¤¦à¤¿à¤ à¤­à¤¯à¤¾à¤¨à¤• à¤†à¤µà¤¾à¤œ à¤¦à¥‡ à¤¦à¤¿à¤ | à¤œà¥‹ à¤¬à¤¿à¤²à¥à¤•à¥à¤² à¤­à¥€ à¤¸à¤¤à¥à¤¯ à¤¨à¤¹à¥€à¤‚ à¤¹à¥ˆ |
146,"To know how many more years we will exist, will we beat dinosaur period or not for that i should be alive na ğŸ˜…"
147,Humans are doing continuously odd and even research in a big numbers so humans are doing suicide in different ways.
148,Mu ban kar bhai
149,What are the chances of Dinosaur coming back
150,à¤®à¥à¤à¥‡ à¤²à¤—à¤¤à¤¾ à¤¹à¥ˆ à¤•à¥€ 1m bahut hai
151,FLIGHT 914 ki mystery ko explain kro na bhaiâ¤
152,à¤†à¤ª à¤¸à¥‡à¤‚à¤Ÿà¤° à¤®à¥‡à¤‚ à¤¨à¤¹à¥€à¤‚ à¤¸à¤¾à¤ˆà¤¡ à¤®à¥‡à¤‚ à¤°à¤¹à¤¾ à¤•à¤°à¥‹ à¤µà¤¿à¤¡à¤¿à¤¯à¥‹ à¤®à¥‡à¤‚ à¤–à¤¡à¤¼à¥‡ ğŸ˜ŠğŸ˜Š
153,Behtreen video SirğŸ‰
154,Mai esko 2024 mai dekh rhi hu or mujhe esi videos bahut pasand hai sir â¤â¤â¤â¤
155,saare dharmo ki pol ye dinosaurs hi khol dete h ğŸ˜‚
156,Mai hi iss video ko raat ke  2 baje search karke dekh rahin hun?
157,Dhruv sir samudra Ka Pani khara kaise hua please video banakar bataiye sir ğŸ™ğŸ™ğŸ™ğŸ™
158,Sir yuge ke bare me bataiye
159,Dragon ka vi explanation lao 2024
160,You are not better than getsetfly science. He is clearly explain mass extinction in his video..
161,Kon. Kon. 2030 me tegharha
162,Dhruv rathee and zem TV is one of the best history and geography channel in the world
163,Bro you are doing a great job and how easily u explain everything makes it very interesting its really impressive
164,Waooo such a good informative vedio. Thanku brother to make it.
165,Who is watching in 2025
166,Hello everyone please follow me @salmanroylzz
167,Dhruv bhai isme koi dohrai nahi ke dianasore the lekin ye galat hai ke hum insano vajood nhi tha .. insano ne ye pichle 300sal pahele ke vaigyanic  ne zaroor pata Kiya hoga.. lekin humare puran Gita aur ved jaise mahan granth in logo se pahele hi sab kuch likha hai ..<br>Aur apki video kaafi nolage . Aur motive karti hai ..aur apki sab Umar ke log dekhte hai aur zyada tar yuva..<br>Unke dimag aap concept bana Diye ho .ke jo kuch hai ciance hai .. aap mutabit humare granth galat hai matlab. Aur ciance sahi hai ky ..<br>Plz bhai.. jo aaj samay bache dekhte hai samaz te hai. vo vaisa hi mante hai ...plz aap dono chij prectical tarike bataiye... Vaigyanic khud thodi 100milion saal pahele gaye the unko Jo kuch chijo ke ansh mile us par reserch karke unhone apni baat lekin   .. lekin aap humare Bharat ke ache aur bade YouTuber ho agar aap. Is tarah video ko dalege to aapke fans yuva ko jo bataya jayega vahi manege .. plz .. you not brain wash yuth..ğŸ‘ anurodh hai aapse.
168,It calls Qayamat
169,Kon kon video Aaj dekh raha hai â¤â¤â¤â¤â¤â¤â¤
170,Manob khudke sath sath other animals kovi khatam ker degağŸ˜…ğŸ˜…ğŸ˜…
171,Above of excellent
172,What about in just few years
173,1 million me hi insan vilupt ğŸ˜‚ğŸ˜‚
174,"à¤…à¤šà¥à¤›à¤¾ à¤¹à¥‡ à¤¸à¤°, à¤•à¥‡ à¤†à¤œ à¤•à¥‡ à¤¦à¤¿à¤¨ à¤•à¥‹à¤ˆ à¤¬à¤¹à¥à¤¤ à¤¬à¤¡à¤¼à¥€ à¤…à¤²à¥à¤•à¤¾ à¤†à¤•à¥‡ à¤§à¤°à¤¤à¥€ à¤¸à¥‡ à¤Ÿà¤•à¤°à¤¾ à¤œà¤¾à¤, à¤¤à¤¾à¤•à¤¿ à¤‡à¤‚à¤¸à¤¾à¤¨à¥‹à¤‚ à¤•à¥‡ à¤¬à¤¾à¤¦ à¤¬à¤¾à¤•à¥€ à¤œà¥€à¤µ à¤†à¤°à¤¾à¤® à¤¸à¥‡ à¤°à¤¹ à¤¸à¤•à¥‡..."
175,An outline  of  your  video  should  be  included  in school  syllabuses
176,I do. Appreciate  your  effort  to  bring  awareness  that  humans are causing
177,A very detailed and informative video. I am addicted to this channel now. Great work. Keep it up bro
178,India as unit also should do for  nature
179,à¤‰à¤¸ à¤¸à¤®à¤¯ à¤­à¤—à¤µà¤¾à¤¨ à¤•à¤¹à¤¾ à¤¥à¥‡
180,And many god
181,Iq 9999
182,Yr main ped  phode lagau ga bahut sare pedâ¤
183,We should save our earthğŸ˜¢
184,Kon kon ye video 2030 me dekh raha hain
185,Way before 1 million years
186,Kon kon ajj dekh rahe ho
187,"The Bible says...1In the beginning, God created the heavens and the earth. 2Â The earth was without form and empty. Darkness was upon the surface of the deep. The Spirit of God was moving above the surface of the waters. 3Â God said, &quot;Let there be light,&quot; and there was light. 4Â God saw the light, that it was good. He divided the light from the darkness. 5Â God called the light &quot;day,&quot; and the darkness he called &quot;night.&quot; This was evening and morning, the first day.<br>6Â God said, &quot;Let there be an expanse between the waters, and let it divide the waters from the waters.&quot; 7Â God made the expanse and divided the waters which were under the expanse from the waters which were above the expanse. It was so. 8Â God called the expanse &quot;sky.&quot; This was evening and morning, the second day.<br>9Â God said, &quot;Let the waters under the sky be gathered together to one place, and let the dry land appear.&quot; It was so. 10Â God called the dry land &quot;earth,&quot; and the gathered waters he called &quot;seas.&quot; He saw that it was good. 11Â God said, &quot;Let the earth sprout vegetation: plants yielding seed and fruit trees bearing fruit whose seed is in the fruit, each according to its own kind.&quot; It was so. 12Â The earth produced vegetation, plants producing seed after their kind, and trees bearing fruit whose seed was in it, after their kind. God saw that it was good. 13Â This was evening and morning, the third day.<br>14Â God said, &quot;Let there be lights in the sky to divide the day from the night and let them be as signs, for seasons, for days and years. 15Â Let them be lights in the sky to give light upon the earth.&quot; It was so. 16Â God made the two great lights, the greater light to rule the day, and the lesser light to rule the night. He made the stars also. 17Â God set them in the sky to give light upon the earth, 18Â to rule over the day and over the night, and to divide the light from the darkness. God saw that it was good. 19Â This was evening and morning, the fourth day.<br>20Â God said, &quot;Let the waters be filled with great numbers of living creatures, and let birds fly above the earth in the expanse of the sky.&quot; 21Â God created the great sea creatures, as well as every living creature after its kind, creatures that move and which fill the waters everywhere, and every winged bird after its kind. God saw that it was good. 22Â God blessed them, saying, &quot;Be fruitful and multiply, and fill the waters in the seas. Let birds multiply on the earth.&quot; 23Â This was evening and morning, the fifth day.<br>24Â God said, &quot;Let the earth produce living creatures, each according to its own kind, livestock, creeping things, and beasts of the earth, each according to its own kind.&quot; It was so. 25Â God made the beasts of the earth after their kind, the livestock after their kinds, and everything that creeps upon the ground after its kind. He saw that it was good. 26Â God said, &quot;Let us make man in our image, after our likeness. Let them have dominion over the fish of the sea, over the birds of the sky, over the livestock, over all the earth, and over every creeping thing that creeps on the earth.&quot; a 27Â God created man in his own image. In his own image he created him. Male and female he created them. 28Â God blessed them and said to them, &quot;Be fruitful, and multiply. Fill the earth, and subdue it. Have dominion over the fish of the sea, over the birds of the sky, and over every living thing that moves upon the earth.&quot; 29Â God said, &quot;See, I have given you every plant yielding seed which is upon the surface of all the earth, and every tree with fruit which has seed in it. They will be food to you. 30Â To every beast of the earth, to every bird of the heavens, and to everything that creeps upon the earth, and to every creature that has the breath of life I have given every green plant for food.&quot; It was so. 31Â God saw everything that he had made. Behold, it was very good. This was evening and morning, the sixth day."
188,He is the man of honour
189,You means dinoallah ğŸ˜‚ğŸ˜‚ğŸ˜‚ğŸ˜‚ğŸ˜‚
190,Most appreciable workâ¤â¤â¤hats off to you DhruvğŸ˜ğŸ˜ğŸ˜we can easily see your efforts in your videosğŸ”¥ğŸ”¥
191,Kon kon is video ko 2025 mein dekh raha hyğŸ˜‚ğŸ˜…
192,Mai
193,But hum yr dinosaur se zyad time tak zinda rahe hai kyunki hamne astroid girne par bhi mammals ke roop me survive kiya tha
194,"Dinosaur ğŸ¦–ğŸ¦• itne time Tak jinda isliye reh paye kyunki unhone kudrat se chedchad nhi ki aur hum humans ne nature ko puri taike se barbbad Kiya hai isliye hum unke jitna nhi ji sakte ,reason is temprature increase ho raha hai ,sea level badh Raha hai pollution increase ho rha hai ,green house gases badh rahi hai sk we cant survive like dinosaurs"
195,"Uh ig 6th extension already happened now it&#39;s 7th , 6th was great flood ig ?"
196,Bhaiya aap teaching start kardo YouTube PE hamara bhi bhala ho jaega ğŸ˜…
197,I  am seeing this video in 2024
198,Thank so much Bhai love you Bhai please replied please bhai
199,Asteroid kahan se aata hai heaven main iska quantity kitna hai ye sab jankari kalpana kiya jata hai
200,WÊœá´€á´› á´€Ê™á´á´œá´› á´‹ÉªÉ´É¢ á´‹á´É´É¢ğŸ˜ŠğŸ˜Š
201,Very funny video tha....
202,Who is watching this video in 2030??
203,"Make a video about Cockroach ğŸª³. <br><br>For your reference: Cockroaches are ancient insects, first appeared during the Carboniferous period, approximately 359 to 299 million years ago. They continued to evolve and diversify throughout subsequent periods, including the Mesozoic Era, when dinosaurs were dominant. Therefore, cockroaches lived alongside dinosaurs during the Jurassic and Cretaceous periods.<br><br>Also I just found a cockroach farm in shandong, China."
204,"à¤‡à¤‚à¤¸à¤¾à¤¨ à¤µà¤¨ à¤®à¤¿à¤²à¤¿à¤¯à¤¨ à¤ˆà¤¯à¤° à¤­à¥€ à¤œà¤¿à¤‚à¤¦à¤¾ à¤°à¤¹ à¤—à¤¯à¤¾ à¤¤à¥‹ à¤µà¤¹ à¤•à¤ˆ à¤—à¥à¤°à¤¹à¥‹à¤‚ à¤ªà¤° à¤°à¤¾à¤œ à¤•à¤°à¥‡à¤—à¤¾à¥¤ <br>Sayad à¤‡à¤‚à¤¸à¤¾à¤¨ à¤®à¤°à¥‡ à¤¹à¥€ à¤¨à¤¾ à¤¬à¥à¤°à¥‡à¤¨, à¤¸à¥à¤•à¤¿à¤¨ à¤¸à¤¬ à¤Ÿà¥à¤°à¤¾à¤‚à¤¸à¤ªà¥à¤²à¤¾à¤‚à¤Ÿ à¤•à¤° à¤²à¥‡à¤—à¤¾ à¤¨à¥à¤¯à¥‚ à¤¬à¥‰à¤°à¥à¤¨ à¤¬à¥‡à¤¬à¥€ à¤•à¥‡ à¤¬à¥‰à¤¡à¥€ à¤¸à¥‡à¥¤"
205,Archaeopteryx used to glide not fly.
206,"Why Gondwanaland name Diya Gaya,Kyonki INDIAN Subcontinent, South African Continent, Australian Continent, South American Continent Saareee Joo Alag,Sabo ke Kinaare, MUST Study Gond Tribal Community of India and its Evolution..U will be amazed, stunned after knowing the Reality..of Gondwanaland.."
207,"Make Video on Pangea, And its Split into Gondwanaland and"
208,Thank you bhaiyaâ¤
209,"it&#39;s impossible to guess our extinction, we humans have brain which is more and more capable of doing wonders again, sometimes I dream about more small specious than human. may be there will be  evoluation of very small specious then ants after our extinction occurs"
210,Namskar sir ji
211,1 video saddam hussain pr bhi bnao
212,Mass extension jayuri h bhai ab koi baccha sakta in insano ğŸ˜‚
213,à¤à¤• à¤¦à¤¿à¤¨ à¤¹à¥à¤¯à¥‚à¤®à¤¨ being à¤­à¥€ à¤à¤¸à¥‡ à¤¹à¥€ à¤–à¤¤à¤® à¤¹à¥‹ à¤œà¤¾à¤à¤—à¥‡
214,Did the asteroid impact <br>alter the path of the earth
215,Ok
216,â¤â¤â¤?â£ï¸
217,"Insan bhi ese hi khatm ho jayga ek din , bht ghamand hai insan ko khud per"
218,Scientist ko kaise pata chalta he k ek fossil itna saal purana he.
219,JEE aspirant <br>2025<br>ğŸ˜ğŸ˜ğŸ˜
220,"Dhrub Rathiji many thanks for this video. It must have enormous amount of time to prepare it. However, I have a question:<br>Significance of Deccan Trap volcanism on extinction has been ignored."
221,Me watching this after studying evolution chapter of class 12 biology ğŸ˜…ğŸ˜…
222,"I THINK WE WILL GET EXTINCTED BEFORE SPAN OF DINOSAURAS FOR SURE, I DON&#39;T HAVE ANY HOPE IN THIS REGARD"
223,"Every living being is created by Allah, a living being cannot just come into existence and especially have a soul on the basis of chance."
224,Nasa wale bohot khatarnak hai ğŸ˜‚
225,Great â¤â¤
226,2026 right?
227,From pakistan
228,ğŸ‡§ğŸ‡©ğŸ‡§ğŸ‡©ğŸ‡§ğŸ‡©â¤ï¸â¤ï¸â¤ï¸
229,Is world ka sabse bada khatra insaan hi hai jo apne matlab aur fayde ke liye nature se khilwad karta hai hum insaan hi hain jo is duniya ko barbaad karenge wo bhi 200 saal ke andar
230,Bahut badhiya samajhta ho bhaiya thankyou â¤
231,hamara modi kisi asteroid sa kam hai kyağŸ˜‚
232,Bro you are a good informer ğŸ˜® and way of speaking ğŸ˜Šâ¤
233,Sub fake hai
234,Am the bestğŸ˜¢
235,Kon kon ye video 2028 me dekh Raha hai
236,2024  wale like kre
237,"Some people are saying in the comment section that dinosaurs really existed, i mean seriously ğŸ˜…ğŸ˜‚"
238,Kon kon is video ko 2025 mai dekh rha hai ğŸ˜…
239,Bhai ek Video Elctoral bonds. Pe bhi banaiye plz...
240,Mujhe nahi lagta insaan 1000 saal bhi jinda rah payega
241,Vahan or us time par kab pahunch gaya re tu bata.sabko ense hi bevkoof banata hai.chal jhoota bakwaas band kar
242,Vahan or us time par kab pahunch gaya re tu bata.sabko ense hi bevkoof banata hai.chal jhoota bakwaas band kar
243,à¤•à¥‹à¤ˆ à¤­à¥€ à¤‡à¤¸à¥‡ à¤°à¥‹à¤•à¤¨à¥‡ à¤•à¥‹ à¤¨à¤¹à¥€à¤‚ à¤¸à¥‹à¤š à¤°à¤¹à¤¾ à¤¹à¥ˆà¤‚ à¤¸à¤¬à¤•à¥‹ à¤¯à¤¹ à¤²à¤— à¤°à¤¹à¤¾ à¤¹à¥ˆà¤‚ à¤œà¤¬ à¤¹à¤®à¥‡ 60 à¤œà¥€à¤¨à¤¾ à¤¹à¥€ à¤¹à¥ˆà¤‚ à¤¤à¥‹ à¤•à¥à¤¯à¥‹à¤‚ à¤‡à¤¨ à¤¦à¤¿à¤®à¤¾à¤•à¥€ à¤•à¤¾à¤®à¥‹à¤‚ à¤®à¥‡à¤‚ à¤²à¤—à¥‡ à¤•à¥à¤¯à¥‹à¤‚ à¤¨ à¤¹à¤® à¤•à¥‡à¤µà¤² à¤”à¤° à¤•à¥‡à¤µà¤² à¤à¤‚à¤œà¥‰à¤¯ à¤•à¤°à¤•à¥‡ à¤œà¤¿à¤ à¤•à¥à¤¯à¥‹à¤‚à¤•à¤¿ 60 à¤¸à¤¾à¤² à¤¤à¤• à¤¤à¥‹ à¤à¤¸à¤¾ à¤¬à¤¿à¤²à¥à¤•à¥à¤² à¤¨à¤¹à¥€à¤‚ à¤¹à¥‹à¤—à¤¾ à¤•à¥€ à¤à¤•à¥à¤¸à¤Ÿà¥‡à¤‚à¤¶à¤¨ à¤¹à¥‹à¤‚ à¤œà¤¾à¤à¥¤ğŸ˜Š
244,Kon kon video ko aaj dekh raha h??
245,Kon kon ise 14/24 ko dekh rhe hai ğŸ˜Š
246,Before 1 million years
247,Yoaimo jjk fan understand
248,No one can beat youmangasaur!ğŸ˜ğŸ˜‚
249,ommgg sir my class 12 bio syllabus get revised ğŸ˜ŠğŸ˜ŠğŸ˜ŠğŸ˜ŠğŸ˜Š
250,Geological time scale
251,"March 2024, present ma&#39;m ğŸ˜‡"
252,Love from Pakistan ğŸ‡µğŸ‡° â¤
253,Kon kon 2025 me ye video dekh Raha hai
254,Kon kon yah vedeo 2026 me dekh raha hai ğŸ˜ŠğŸ˜Š
255,Insan nehi bachenge ğŸ¥º
256,Dinosaur Kiya khate the us waqt
257,à¤•à¥Œà¤¨ à¤•à¥Œà¤¨ 2025 à¤®à¥‡à¤‚ à¤¦à¥‡à¤– à¤°à¤¹à¤¾ à¤¹à¥ˆ ğŸ˜…
258,Acchi tarah se kaise bolate ho bahut achcha lagta hai
259,Sar itna dimag kahan se aata hai
260,Kiss kiss ne ye video abhi dekhi hai
261,What if astroid stone ğŸª¨ again hit earth ğŸ˜¢
262,Dhruv sir CAA pr video banao plc
263,I like your video  and your way to explain â¤ğŸ˜‚ğŸ˜Š
264,Inke relatives nikle b to kon chickens? ğŸ˜…
265,Us wqt m insan hote to inko kha jate ğŸ˜…
266,Me
267,ğŸ‘ğŸ˜†ğŸ¤£
268,Make a video bro solar storem
269,Golden period for mother Earth Jurassic World ğŸŒ
270,170 million means how much in carodes or lakhs?
271,à¤…à¤—à¤° à¤¯à¥‡ à¤µà¤¿à¤¡à¤¿à¤¯à¥‹ à¤¸à¤š à¤¹à¥ˆ à¤¤à¥‹ 33 à¤•à¤°à¥‹à¤¡à¤¼ à¤à¥‚à¤ à¥‡ à¤¹à¥ˆ à¤•à¤¾à¤²à¥à¤ªà¤¨à¤¿à¤• à¤¹à¥ˆ
272,Kudrat k aage koi theory nai chalti!
273,Inshan bhi gayab ho jayega ese hiğŸ˜‚
274,ğŸ‘ğŸ‘ğŸ‘ğŸ‘
275,Your presentation skills are outstanding. Very informative video. We will get wiped much earlier than the dinosaurs.
276,Mujhe nahi lagta ki insan survive ker panga itna time take yaa aake Karan nahi hai aise kitne sabal hai ki insano ka aante hona gaa raha hai ğŸ˜¢ğŸ˜¢ğŸ˜¢ğŸ˜¢
277,How are you so sure
278,à¤­à¤¾à¤ˆ à¤®à¥ˆà¤‚à¤¨à¥‡ à¤¤à¥‹ à¤¸à¥à¤¨à¤¾ à¤¹à¥ˆ à¤‡à¤¸ à¤§à¤°à¤¤à¥€ à¤•à¥‹ à¤­à¤—à¤µà¤¾à¤¨ à¤¨à¥‡ à¤¬à¤¨à¤¾à¤¯à¤¾ à¤¹à¥ˆà¥¤à¤†à¤ª à¤•à¥à¤¯à¤¾ à¤•à¤¹à¤¤à¥‡ à¤¹à¥ˆà¤‚à¥¤
279,Mai dekh raha hu
280,Kon kon ye video 2024 march me dekh rahe hai
281,Probably nuclear war between 2 countries will destroy everything
282,Sir Buddha per video banavo na please
283,Per Palacio source toh survive kar gae honge na
284,Bakvas h ye
285,"Sir always smiling ğŸ˜‚ğŸ˜‚ğŸ˜‚ cause we don&#39;t know anything, still give attention ğŸ˜‚ğŸ˜‚ğŸ˜‚ğŸ˜‚ğŸ˜‚"
286,"But crocodile ğŸŠ still survived on same area where the asteroid hit the earth, I can&#39;t believe,ğŸ¤”ğŸ¤”ğŸ¤”ğŸ˜‚"
287,"How it is possible that an Giant asteroid kill all types of Dinosaurs even they live in ocean, land or Air would wavish, but all other species of animals survived"
288,Save earth
289,Kon ye video Kal dekh rha he
290,Kon kon video aaj dekh rha h
291,History samajhna hai to quraan padho
292,Zabrdast Rathee bhae I m big fan of your videos regarding information love you too â¤â¤â¤â¤â¤â¤â¤â¤â¤â¤â¤â¤â¤â¤â¤â¤â¤â¤â¤â¤â¤â¤â¤â¤â¤â¤â¤â¤â¤â¤â¤â¤â¤â¤â¤ Ap se bat ho sakti hy kia Rathee bhae
293,Thankyou â¤â¤â¤ bhaiya
294,Nahi tod pai Gai insan dinosaur ka record
295,Dr afiya Siddiqui ke barre mean video banaoo please sir
296,1 lakh year booom earth
297,I think humans can&#39;t beat the record of Dinosaurs and Humans go extinct before they&#39;re 2 millions years old.
298,Allah is the greatest â¤â¤
299,Allah is the best creator<br>â¤â¤
300,Kon yeh video 2050 meh dekh rha haiğŸ˜‚
301,Sayad hi 0.5 million year survive ho sake
302,Jurassic series fans hâ¤â¤â¤
303,Knowledge man Dhruv rathee
304,"Video is best ,but please add reference of Indian meteortic crator in lonar , buldhana, Maharashtra"
305,ğŸ˜…ğŸ˜®ğŸ˜…
306,Jaise Aaj hum extinct dinosaurs ki video dekh rahe Hain waise hi 250M years baad new species human extinct ki videos dekh rahe honge vo bhi batayenge kabhi insaan Raha karte theğŸ˜‚
307,Good job
308,Koi nahi bata payega exactly.
309,"people who believe in earth or nature process then they must welcome the asteroid attack , because think everything who came or evolve on earth accepted the process of nature in spite of humans who become over smart"
310,<b>DRS</b> ğŸ—¿
311,Dina suar ke phle ka btao
312,JURASSIK PARK BEST MOVIE
313,Where was the god in this era ğŸ˜¢
314,"à¤œà¤¹à¤¾à¤‚ à¤¤à¤• à¤®à¥‡à¤°à¤¾ à¤®à¤¾à¤¨à¤¨à¤¾ à¤¹à¥ˆ, à¤…à¤—à¤²à¥‡ 1000 à¤¸à¤¾à¤² à¤®à¥‡à¤‚ à¤¹à¥€ à¤¹à¤®à¤¾à¤°à¥€ à¤ªà¥ƒà¤¥à¥à¤µà¥€ à¤ªà¤° à¤«à¤¿à¤° à¤¸à¥‡ à¤à¤• à¤¨à¤¯à¤¾ à¤µà¤¿à¤²à¥à¤ªà¥à¤¤à¥€à¤•à¤°à¤£ à¤¹à¥‹à¤¨à¥‡ à¤µà¤¾à¤²à¤¾ à¤¹à¥ˆà¥¤ à¤¹à¤®à¤¾à¤°à¥‡ à¤¦à¥‡à¤¶ à¤®à¥‡à¤‚ à¤¤à¥‹ à¤œà¤¿à¤¨ à¤®à¥‚à¤°à¥à¤–à¥‹à¤‚ à¤•à¥‡ à¤¹à¤¾à¤¥à¥‹à¤‚ à¤®à¥‡à¤‚ à¤ªà¥‰à¤µà¤° à¤¹à¥ˆ, à¤µà¥‹ à¤¬à¤¾à¤¯à¥‹à¤¡à¤¾à¤¯à¤µà¤°à¥à¤¸à¤¿à¤Ÿà¥€ à¤šà¤¾à¤¹à¤¤à¥‡ à¤¹à¥€ à¤¨à¤¹à¥€à¤‚ à¤¹à¥ˆà¤‚à¥¤<br>à¤—à¥à¤²à¥‹à¤¬à¤² à¤µà¤¾à¤°à¥à¤®à¤¿à¤‚à¤— à¤•à¥‡ à¤•à¤¾à¤°à¤£ à¤†à¤°à¥à¤•à¤Ÿà¤¿à¤• à¤®à¤¹à¤¾à¤¸à¤¾à¤—à¤° à¤•à¥€ à¤¬à¤°à¥à¤« à¤ªà¤¿à¤˜à¤² à¤•à¤° à¤–à¤¤à¥à¤® à¤¹à¥‹ à¤šà¥à¤•à¥€ à¤¹à¥‹à¤—à¥€à¥¤ à¤¸à¤®à¥à¤¦à¥à¤°à¥€ à¤¤à¤Ÿà¥‹à¤‚ à¤•à¥‡ à¤œà¥à¤¯à¤¾à¤¦à¤¾à¤¤à¤° à¤¶à¤¹à¤° à¤œà¤² à¤®à¤—à¥à¤¨ à¤¹à¥‹ à¤šà¥à¤•à¥‡ à¤¹à¥‹à¤‚à¤—à¥‡à¥¤<br>à¤ªà¥à¤°à¤¦à¥‚à¤·à¤£ à¤•à¥‡ à¤¸à¤¾à¤¥ à¤¸à¤¾à¤¥ à¤®à¤¾à¤¨à¤µ à¤œà¤¨à¤¿à¤¤ à¤¸à¤®à¤¸à¥à¤¯à¤¾à¤“à¤‚ à¤•à¥‡ à¤•à¤¾à¤°à¤£ à¤¸à¥ˆà¤•à¤¡à¤¼à¥‹à¤‚ à¤œà¤²à¥€à¤¯ à¤œà¤¾à¤¤à¤¿à¤¯à¤¾à¤‚ à¤ªà¥‚à¤°à¥à¤£à¤¤à¤¯à¤¾ à¤µà¤¿à¤²à¥à¤ªà¥à¤¤ à¤¹à¥‹ à¤šà¥à¤•à¥€ à¤¹à¥‹à¤‚à¤—à¥€à¥¤ à¤œà¤¿à¤¸à¤•à¥‡ à¤•à¤¾à¤°à¤£ à¤…à¤•à¥‡à¤²à¥‡ à¤®à¤¾à¤¨à¤µ à¤ªà¥à¤°à¤œà¤¾à¤¤à¤¿ à¤­à¥€ à¤²à¤®à¥à¤¬à¥‡ à¤¸à¤®à¤¯ à¤¤à¤• à¤…à¤ªà¤¨à¤¾ à¤…à¤¸à¥à¤¤à¤¿à¤¤à¥à¤µ à¤¨à¤¹à¥€à¤‚ à¤¬à¤šà¤¾ à¤ªà¤¾à¤à¤—à¥€à¥¤ à¤”à¤° à¤…à¤—à¤° à¤°à¥‡à¤¡à¤¿à¤¯à¥‹à¤à¤•à¥à¤Ÿà¤¿à¤µ à¤ªà¥à¤°à¤¦à¥‚à¤·à¤£ à¤ªà¤° à¤§à¥à¤¯à¤¾à¤¨ à¤¨ à¤¦à¤¿à¤¯à¤¾ à¤—à¤¯à¤¾ à¤¤à¥‹ à¤¸à¤•à¤¤à¤¾ à¤¹à¥ˆ, à¤œà¥€à¤¨ à¤²à¥‡à¤µà¤² à¤•à¤¾ à¤‰à¤¤à¥à¤ªà¤°à¤¿à¤µà¤°à¥à¤¤à¤¨ à¤à¤• à¤…à¤²à¤— à¤¹à¥€ à¤œà¥€à¤µà¤¨ à¤•à¥€ à¤“à¤° à¤‡à¤¸ à¤ªà¥ƒà¤¥à¥à¤µà¥€ à¤•à¥‹ à¤¦à¥‡à¤–à¤¾ à¤œà¤¾à¤¯à¥‡à¤—à¤¾à¥¤ğŸ˜‚ğŸ˜‚ğŸ˜‚"
315,Sb Mahadev Ki Maya Hai
316,"<a href=""https://www.youtube.com/watch?v=ZJG1FjH1cEE&amp;t=1237"">20:37</a> ğŸ˜¢ğŸ˜¢"
317,Love From Bangladesh â¤ğŸ‰
318,We will extinct within one million year because we are human being
319,Sayad Aaj Tak Zinda hote Ta MAN jese khatarnak jib paida na hota
320,Bhagwan ke age kus Ni a jab kharam hogya scitest vi sath Mai kharam ho jayege ğŸ˜‚ğŸ˜‚
321,Real Content
322,Are Bhai ye Maine class 10 th geography main hai laurasia and gondowanaland
323,Democrecy dead in India
324,"à¤œà¤¬ à¤¤à¥à¤® à¤¯à¥‡ à¤¸à¤¬ à¤œà¤¾à¤¨à¤¤à¥‡ à¤¹à¥‹ à¤¤à¥‹ à¤¤à¥à¤®à¤¨à¥‡ à¤•à¤¾à¤²à¥à¤ªà¤¨à¤¿à¤• à¤•à¤¹à¤¾à¤¨à¥€ à¤•à¥‡ à¤¸à¤¬à¥à¤¤ à¤¦à¥‡à¤¨à¥‡ à¤•à¤¾ à¤ªà¥à¤°à¤¯à¤¾à¤¸ à¤•à¤¿à¤¸à¤²à¤¿à¤ à¤•à¤¿à¤¯à¤¾ à¤¥à¤¾ ,à¤œà¤¬à¤•à¥€ à¤¤à¥à¤®à¤•à¥‹ à¤¸à¤¬ à¤ªà¤¤à¤¾ à¤¥à¤¾ ,à¤«à¤¿à¤° à¤­à¥€ à¤‰à¤¸ à¤•à¤¹à¤¾à¤¨à¥€ à¤•à¥‡ à¤à¥à¤ à¥‡ à¤ªà¥à¤°à¤®à¤¾à¤£ à¤¦à¥‡ à¤°à¤¹à¥‡ à¤¥à¥‡ ,à¤‰à¤¸ à¤ªà¤° à¤¤à¥à¤®à¥à¤¹à¤¾à¤°à¥€ à¤«à¤œà¥€à¤¤à¥€ à¤¤à¥‹ à¤–à¥à¤¬ à¤¹à¥à¤ˆ à¤”à¤° à¤¤à¥à¤®à¥à¤¹à¤¾à¤°à¥‡ à¤Šà¤ªà¤° à¤µà¤¿à¤¡à¤¿à¤¯à¥‹ à¤­à¥€ à¤¬à¤¨ à¤—â€Œà¤ˆ à¤”à¤° à¤¤à¥à¤® à¤‰à¤¸à¤®à¥‡ à¤à¥à¤ à¥‡ à¤¸à¤¾à¤¬à¤¿à¤¤ à¤¹à¥à¤ ,à¤‡à¤¸à¤²à¤¿à¤ à¤…à¤—à¤²à¥€ à¤¬à¤¾à¤° à¤§à¤°à¥à¤® à¤ªà¤° à¤œà¥à¤à¤¾à¤¨ à¤®à¤¤ à¤¦à¥‡à¤¨à¤¾ à¥¤"
325,Dhruv your videos very knowledge full
326,à¤¡à¤¾à¤‡à¤¨à¥‹à¤¸à¤° à¤¤à¥‹ à¤à¤• à¤®à¤¿à¤¥ à¤¹à¥ˆ à¤‡à¤¸à¤•à¥‡ à¤¬à¤¾à¤°à¥‡à¤®à¥‡ à¤•à¥‹à¤¹à¤¿ à¤­à¥€ à¤¸à¤¬à¥à¤¤ à¤¨à¤¹à¥€ à¤®à¤¿à¤²à¤°à¤¾à¤¹à¤¾ à¤¹à¥ˆ
327,U are great
328,The 6th extinction is 100 to 1000 times more impactful than the previous ones..
329,"Triassic, jurassic .... Class 12th Evolution ğŸ§¬ Bro ğŸ˜‚ğŸ˜‚ğŸ˜‚ğŸ˜‚<br>Revise hogaya BTW, thank you ğŸ˜…"
330,pls make video on Anne frank
331,Earth&#39;s Birth &amp; Ghrowth to complete guide this Video... Thanks
332,WoW you have a very informative brain Mashallah
333,Pehele khatam hoga
334,Humans would extinct in the span of Less than 1 million years .... Due to excessive global climatic disturbances made to the earth ğŸ˜¢....
335,Nasa wale bahut khatarnak hai ğŸ˜‚ğŸ˜‚ğŸ˜‚ğŸ˜‚ğŸ˜‚ğŸ˜‚ğŸ˜‚ğŸ˜‚ğŸ˜‚
336,â¤â¤â¤â¤â¤
337,Is vedio ko dekh k patÃ  chala Islam ek truth hai religion hai. Dianasour k lye woh qayamat ka din tha. Islam mein bhi bataya gaya hai ki ek din Qayamat ayegi woh din bhi dianasour k time ki tarha ho hoga jis din hum sab extinct ho jayenge.
338,Tere jesa deah drohi nai rahe to inshan jinda rehenge
339,"<a href=""https://www.youtube.com/watch?v=ZJG1FjH1cEE&amp;t=984"">16:24</a> bhai ki hansi â¤â¤â¤"
340,That&#39;s mean our future going to change and one day human not live Earth ğŸ˜ŠğŸ˜Š
341,Tu kuchh bhi nahin jaanta mere Bhai kuchh bhi nahin jaanta tu kuchh bhi nahin jaanta ğŸ˜¡
342,ğŸ˜¡ğŸ˜¡ğŸ˜¡ğŸ˜¡ğŸ’ª
343,Addicted to Dhruv Exceptional videos â¤
344,ğŸ˜…ğŸ˜…
345,I belong gond tribe
346,Science to jhote b bolta hei
347,"Super duper Hero ğŸ’ªğŸ’ªğŸ’ªğŸ‘ğŸ†’ğŸ˜â¤â¤â¤â¤â¤â¤ <a href=""https://www.youtube.com/watch?v=ZJG1FjH1cEE&amp;t=44"">0:44</a> <a href=""https://www.youtube.com/watch?v=ZJG1FjH1cEE&amp;t=44"">0:44</a> ğŸ˜ŠğŸ˜ŠğŸ˜ŠğŸ˜ŠğŸ˜Š"
348,kabhi mare huye jinda huye h news me suna he please describe it what will happen in kanpur
349,This is one of the best informational video I have ever seenâ¤ï¸ğŸ‘ğŸ”¥
350,Humans won&#39;t survive more than 1 million ğŸ˜‚
351,à¤µà¤¹ à¤œà¤‚à¤—à¤¹ à¤›à¥à¤ªà¤¾ à¤¦à¥€ à¤—à¤ˆ à¤¹à¥ˆğŸ˜ŠğŸ˜Š
352,Ha
353,Please make a video on Simpsons predictions
354,Lauraisa ğŸ˜‚
355,Gratitude ğŸ™
356,PokÃ©mon spotted
357,Kya iss puree video me tumnee ek chiz notice kya-<br>Survival of the fittest (chals darvin)
358,It is true Dinasaur Exist in the world 100 million years ago
359,This video sponsored by ark survival evolved primal fear ğŸ˜‚
360,Bhai maza agya apki video dekh keâ¤
361,Ap Boht zaheen ho is video ko bna k bhi ap ko Kya lagta ha k ye sb Kuch khud ba khud hua ya Allah ha Jo ye sb krta ha r wo aik ha only one and so powerful
362,"This is the clock of earth that returns again and again. In cyclic order. Satya juga, treta, dapar, kali, and again satya yuga"
363,Extinction happened before because of the Sun only. Veda me bataye gaye kaliyuga sabse chota he.
364,We can&#39;t break the record of DINOSAURS.
365,We should protect mother earth by observing 15 days of masterly inactivity of humans in a year
366,Very Educational
367,SCIENCE ğŸ”¬ KA SAB RAZZ OR SUSPENCES  BATAUNGA<br><br>FREE ğŸ†“ POST ğŸ“ª FREE POST <br>NO CHARGES NO ğŸš« COST<br><br>DEAR ğŸ’• SIR/MEDAM <br>GOOD ğŸ‘ MORNING ğŸŒ„ğŸŒ•<br>HAPPY NEW YEAR 0 2024<br>ALL THE BEST ğŸ‘ğŸ’¯ BETTAR &amp; BEAUTIFUL ğŸ’“ DUNIYA<br>JAIN 24 MAHAVEER GANDHI<br><br>EK VISHAL BRAHMAND ME BRAHMAJI NE ANTARIKSH ME NAV BADE BADE VISHAL GRAHO ME ALAG ALAG NAV GAS â›½ SE BHARPOOR SHAKTI DIYA HAI OR HAREK GRAHO APNI SHAKTI YANI GAS SOORAJ CHANDRA OR PRUTHVI LOK KO INPUT OR OUT PUT SE DETA HAI OR CO2  H2O SE VAPIS RETURN HO JATA HAI<br>HAREK MEGENT  GRAVITATION  ROUNDABLE REDIATION SE WORK KARTA HAI <br>SOORAJ RED ğŸ”´ COLOUR<br>CHANDRA BLUE ğŸ”µ COLOUR<br>PRUTHVI  GREEN ğŸŒ³ COLOUR<br>SE  <br>PANI H2O  WHITE OR SONERI SAT COLOUR<br> OR CO2 BLACK âš«<br>SE SAB CHALTA HAI OR<br> CHALATA HAI <br><br>PRUTHVI LOK KI SAB  H2O SE BOL OR ABOL OR PASHU PANKHI KI GANDKI OR KACHRA OR CO2 SE CHOTA JIV OR PANI KE SAB JIV JANAM LETA HAI OR SHORT TIME KA JIVAN HOTA HAI. <br><br>ALL APNI COMMENTS OR VICHARO MEDIA ME KAHO<br><br>NEXT FREE POST ğŸ“ª ME SAB RAZZ OR SUSPENCES BATAUNGA. <br><br>JAY HIND<br>JAIN 24  MAHAVEER GANDHI
368,Damnnn!!! This manğŸ¥¹ğŸ’˜
369,2079â€¼ï¸ğŸš«âš ï¸
370,Kya aap jab D W jo vidios dalate h aap bhi wahi vidio why vidio kuch adage daliyeğŸ‘
371,That was fantastic Dhruv
372,Bhai jobhi ho meri last wist toh ek hi hai aur wo hai smarty aur dhruv sir se milna hai
373,I think vhagar in House of dragon is similar in shape of T rex
374,He is very intelligent really
375,Salute to your hard work
376,1 million se pehele ho jayenge insano khatam
377,Aali mai mai muslim ho aur ham 189 lakh se hai aur hum bander kabe nahi the ham mati se baney
378,Record nahi thod ga because humans produce lots of pollution and 2
379,Camera man never dies ğŸ¤£ğŸ¤£ğŸ«¡
380,zaruri to hai bt aj humare a66e rehene se jyada humare zaruraton ko pura kene k liye humein jitna chahiye usse kahi jyada waste hote hain. koi samajhte nehi yea sab. sirf paisa chahiye a66e ph uspe a66e show game a66a gari a66a ghar  chahiye. Insaano ko toh animals ka koi fikr he nhi hai. bohat cruel a hum insaan....
381,Thank you
382,Wow ğŸ¥ºğŸ¥ºğŸ¥ºğŸ¥ºğŸ‘ŒğŸ‘ŒğŸ‘ŒğŸ‘ŒğŸ‘ŒğŸ‘Œ
383,Dhruv bhai ye insaan to 0.5 million years bhi mushkil se nikal payenge â¤ğŸ˜‚â¤
384,"I came to watch a few mins of this video, and got so hooked, ended up watching his entire series of 3 videos on evolution, and now it&#39;s 3 am at night.<br>Imagine teaching like this in schools &amp; universities, education will never be boring, and become so fruitful for students. You just earned another subscriber sir."
385,sir neet syllabus k according video banao na har chapter k ğŸ™‚â¤
386,John munsay fir
387,Insan khud hi apna extinction kar lega. Koi estroid bahar se nhi ayega. Na hi hamara sun ek red gient banega. Ulta hum hi gient ki tarah is khubsoorat planet ko kha jayenge. <br>Dusra planet search krne se acha ha isi planet ko bacha lo to time or pesa dono bach jayega. <br>Baaki sab har har mahadev
388,ğŸ˜ŠğŸ˜ŠğŸ˜Š<br>ğŸ˜ŠğŸ˜ŠğŸ˜Š
389,Respect button â¤
390,Ek video iske research pr banao Dhruv bhai â¤â¤â¤â¤â¤â¤â¤â¤â¤â¤â¤â¤â¤â¤â¤â¤â¤â¤â¤â¤â¤â¤â¤â¤â¤â¤â¤â¤â¤â¤â¤â¤â¤â¤â¤â¤â¤â¤â¤â¤â¤â¤â¤â¤â¤â¤â¤â¤â¤
391,Fukra insaan the king of YouTube
392,Bahut he muskil h
393,"<a href=""https://www.youtube.com/watch?v=ZJG1FjH1cEE&amp;t=625"">10:25</a> size 10-15 Kilometres???? Size in KmğŸ˜¶"
394,Nice
395,"Mr Rathe,e Biggest Extinction was Permian Triassic Extinction not Creatacous Tertiary Extinction of Dinosaurs."
396,à¤¡à¤¾à¤¯à¤¨à¤¾à¤¸à¥‹à¤° à¤®à¥‡à¤°à¥‡ à¤†à¤—à¥‡ à¤†à¤ à¤¥à¥‡ à¤¹à¤®à¤¾à¤°à¥‡ à¤­à¤¾à¤°à¤¤à¥¤ à¤®à¥‡ à¤¸à¤‚à¤¤ à¤¯à¥à¤— à¤•à¤¹à¤¤à¥‡ à¤¹à¥ˆà¤‚ à¤¤à¥‹ à¤ªà¤¹à¤²à¥‡ à¤•à¥à¤¯à¤¾à¥¤ à¤¥à¤¾ à¤­à¤¾à¤ˆ à¤®à¥‡à¤°à¥‡ à¤¬à¤¨à¤¾ à¤¸à¤•à¥‹ à¤¤à¥‹ à¤µà¥€à¤¡à¥€à¤¯à¥‹ à¤œà¤°à¥à¤° à¤¬à¤¨à¤¾ à¤¨à¤¾ à¤¤à¥‹ à¤¹à¤®à¥‡à¤‚ à¤­à¥€ à¤ªà¤¤à¤¾ à¤šà¤²à¥‡ à¤†à¤–à¥€à¤° à¤®à¤¾à¤œà¤°à¤¾ à¤•à¥à¤¯à¤¾ à¤¹à¥ˆ
397,Good
398,Dinosaur pollution nahi failate the isile itna tym tk rah gyee
399,"Bro make video on how people who donâ€™t want to an Indian, left the country for good! But Indians trapped him in foreign landâ€¦this is your kind!"
400,Salam bhai aapko ğŸ˜ŠğŸ˜Š
401,He is the best explainer ğŸ‘ğŸ‘
402,Iss hutiye ko maine hide karke rakkha hua tha... Haala sab jaanta hai... Vlodie onlinee scientist.
403,ğŸ˜ŠğŸ˜ŠğŸ˜ŠğŸ˜Šâ¤â¤
404,Best video ğŸ“¸
405,Sir à¤à¤• à¤µà¥€à¤¡à¤¿à¤¯à¥‹ à¤‡à¤¸ à¤ªà¤° à¤¬à¤¨à¤¾à¤¯à¥‡ à¤•à¥€ à¤ªà¤¹à¤²à¥‡ à¤…à¤‚à¤¡à¤¾ à¤†à¤¯à¤¾ à¤¯à¤¾ à¤®à¥à¤°à¥à¤—à¥€ à¤®à¥ˆ à¤‰à¤®à¥à¤®à¥€à¤¦ à¤•à¤°à¤¤à¤¾ à¤¹à¥ à¤•à¥€ à¤†à¤ª à¤‡à¤¸à¤•à¥€ à¤œà¤¾à¤¨à¤•à¤¾à¤°à¥€ à¤œà¤°à¥‚à¤° à¤¦à¥‡à¤‚à¤—à¥‡ ğŸ™ğŸ™ğŸ™
406,â¤ï¸ğŸŒºğŸŒ¹ğŸŒğŸ™
407,2gb ram
408,The energy of the asteroid =3.47Ã—10Â²Â² Joules ğŸ˜®ğŸ˜®ğŸ˜®ğŸ˜®ğŸ˜® Can you imagine how big this energyğŸ˜®ğŸ˜®ğŸ˜®
409,Ritik
410,Sir aap logo ko itni detail me kese pata hai mujhe aaj tak samajh nhi aaya ğŸ˜…ğŸ˜‚
411,Fact : Human species will be over too someday just like gods other creationğŸ˜Š
412,yr koi 2 million subscribers manu vi kal doğŸ¤£ğŸ˜‚ğŸ¤«ğŸ¤­
413,"It is impossible for humans to spend as much time as dinosaurs on this Earth, because we humans are exploiting this Earth with our eyes closed."
414,You are Legend
415,Salute Bro. U r my Fav.ever
416,I love my earth ğŸŒğŸŒğŸŒâ¤â¤â¤
417,ğŸ˜¢
418,Nice sir â¤â¤â¤â¤â¤
419,Dinosaur ki dead kis hui ye to bta dia but jisse hui ajtak uski  pics to dikhai tk nhi uss comets ya astroid ko jisse dinosaur ka vinash hua
420,Good information bro
421,Ho jaye to achha hai
422,ğŸ˜¢ğŸ˜¢
423,"Isse ye pata chalta hai ki hum humans are not the king of ruler of earth the real king and owners sof earth are animals, jo Earth ko balanced rakhte hai , hum unki virasat hai , ha hum tarakki karte toh hai but unn se jyada na tik payenge na balance bana sakhte hai they were the king and ruler of earth"
424,"Ye mangal à¤—à¥à¤°à¤¹ à¤¸à¥‡ Astroiyst aaya tha jo ki janbhujh kar giraya gya tha iske pichhe real story thi, wo v à¤à¤²à¥€à¤¨  à¤²à¥‹à¤— à¤¦à¥à¤µà¤¾à¤°à¤¾ giraya gya tha. Eliens à¤šà¤¾à¤¹à¤¤à¥‡ à¤¥à¥‡ à¤•à¥€, is earth par sirf intelligent human hi hona chahiye isiliye giraya gya. ğŸ§¿ğŸ§¿ğŸ§¿ğŸ§¿ğŸ™ğŸ™ğŸ™ğŸ¤ğŸ¤à¤¡à¤¿à¤¨à¤¾à¤¸à¥Œà¤° ko hattane ke liye à¤•à¥à¤¯à¥‹à¤‚à¤•à¤¿, unki jaati kuch jyada badh gyi thi."
425,When qayamat came everything in the universe will be extinct
426,Save to hasdeo arand i am from india
427,Nature ko bina hani pahuchaye insan ji sakta hai
428,Hum soye hua hai.hum jage nahi haiğŸ˜‚ abhi tak
429,Bhai tu Ball charte charte Dayanasor kase charne lagağŸ˜‚ğŸ˜‚ğŸ˜‚ğŸ˜‚ğŸ˜‚ğŸ˜‚
430,ğŸ‘ŒğŸ‘ŒğŸ‘ŒğŸ‘ŒğŸ‘ŒğŸ‘ŒğŸ‘ŒğŸ‘ŒğŸ‘ŒğŸ‘ŒğŸ‘ŒğŸ‘ŒğŸ‘ŒğŸ‘ŒğŸ‘ŒğŸ‘ŒğŸ‘ŒğŸ‘ŒğŸ‘ŒğŸ‘ŒğŸ‘ŒğŸ‘ŒğŸ‘ŒğŸ‘ŒğŸ‘ŒğŸ‘ŒğŸ‘ŒğŸ‘ŒğŸ‘ŒğŸ‘ŒğŸ‘ŒğŸ‘ŒğŸ‘ŒğŸ‘ŒğŸ‘ŒğŸ‘ŒğŸ‘ŒğŸ‘ŒğŸ‘ŒğŸ‘ŒğŸ‘ŒğŸ‘ŒğŸ‘ŒğŸ‘ŒğŸ‘ŒğŸ‘ŒğŸ‘ŒğŸ‘ŒğŸ‘ŒğŸ‘ŒğŸ‘ŒğŸ‘ŒğŸ‘ŒğŸ‘ŒğŸ‘ŒğŸ‘ŒğŸ‘ŒğŸ‘ŒğŸ‘ŒğŸ‘ŒğŸ‘ŒğŸ‘ŒğŸ‘ŒğŸ‘ŒğŸ‘ŒğŸ‘ŒğŸ‘ŒğŸ‘ŒğŸ‘ŒğŸ‘ŒğŸ‘ŒğŸ‘ŒğŸ‘ŒğŸ‘ŒğŸ‘ŒğŸ‘ŒğŸ‘ŒğŸ‘ŒğŸ‘ŒğŸ‘ŒğŸ‘ŒğŸ‘ŒğŸ‘ŒğŸ‘ŒğŸ‘ŒğŸ‘ŒğŸ‘ŒğŸ‘ŒğŸ‘ŒğŸ‘ŒğŸ‘ŒğŸ‘ŒğŸ‘ŒğŸ‘ŒğŸ‘ŒğŸ‘ŒğŸ‘ŒğŸ‘ŒğŸ‘ŒğŸ‘ŒğŸ‘ŒğŸ‘ŒğŸ‘ŒğŸ‘ŒğŸ‘ŒğŸ‘ŒğŸ‘ŒğŸ‘ŒğŸ‘ŒğŸ‘Œ
431,ğŸ˜¢ğŸ˜¢ğŸ˜¢ğŸ˜¢
432,Is dhamaka ka zikar hamari kitab  Quraan Shareef me 1400 saal pahle bata Diya gaya thağŸ˜Šâ¤â¤ğŸ‰
433,insan pehlay he mr jay ga
434,tumne dekha hai kya ye dinosaur  v myth hai like ramayana mahavarat .
435,Kya bolu thanks
436,inlog ka gyan hona bhi jaruri tha nahi hotey toh insan paida nahi hota hota bhi mardetey yr log
437,â¤â¤â¤â¤ history  jitna aap ashe se samja sakte shayad or koi b nhi
438,Yes human dinosaur ğŸ¦• ka record Thor sakta  hai aagar human nature me Jada Dayan kare aur Jada pollution na felaye nature ka Dayan aur saaf rakhe to human dinosaur ka record Thor sakta haiâ¤â¤â¤ğŸ˜ŠğŸ˜ŠğŸ˜Š
439,Druv sir aap Jada tar  galaxy ya universa ke bare me Jada video banna sakte ho kyuki mujhe Jada tar galaxy ke bare me jana aur samajna in chizo me   interest hai ğŸ˜ŠğŸ˜Š
440,I m big fan of dhruv rathi sir â¤
441,"<a href=""https://www.youtube.com/watch?v=ZJG1FjH1cEE&amp;t=1370"">22:50</a>  0.3 Million saal me hi Insaan khatam ho jane chahiye bcoz me nahi chahta mere marne ke bad bhi insaan zinda raheğŸ˜‚ğŸ˜‚ğŸ˜‚"
442,"<a href=""https://www.youtube.com/watch?v=ZJG1FjH1cEE&amp;t=1370"">22:50</a>  0.3 Million saal me hi ho jana chahiye kyuki me nahi chahta mere marne ke bad bhi insaan bahot salo tak zinda raheğŸ˜‚"
443,"As much as it&#39;s sounds interesting the only thing here I can relate is when you believe there&#39;s a God who let this happen, there is no life by itself until someone decides there should be a breathing creature. Just imagine how can all these events happen by itself, and we as humans talk about it, it&#39;s simple God created the heavens and earth all these things evolved when he allows it to happen ğŸŒ"
444,Y series type banai
445,2 gante ke banai
446,Karbala ke history p vedeo banai
447,I really appreciate your work. But what i believe is dinosaurs didn&#39;t exist. I dont know why.
448,Within 100 years isaano k Patan ho jayega...
449,Please make a video on bigbang theory
450,Suii
451,What makes end of Jurassic period
452,Any Jurassic park series lover here ğŸ˜ğŸ‰
453,Sir apko ek video sole par bhi banao
454,Perfact video sir nice m pakistan se hun lekin apko like krta hun
455,Sir qayamat insano samait puri dharti ko khatam kr de gi insan aik laakh saal se pehle hi khatam go jaen gay
456,bhai i want video on doomsday clock
457,Kaun kaun iss video ko 2024 ma dakh Raha ha????
458,Then what about gods existence is it true ????
459,Sure human will extinct before target year of dinosaur
460,according to AI that hole in earth would be approximately 3 km deep i dont think so their is any hole in earth 3 km deep and sooo wide
461,Huge love from ğŸ‡µğŸ‡°
462,Allah knows better â˜ğŸ»
463,â¤â¤
464,Thanks sirâ¤
465,"Sir, Us samay bhagwan kahan rahte the ?"
466,App no zem tvâ¤
467,Nice video bhai hum to un ke mokabela me 1 percent bhi nahi jee payen ge. Kyu ki hum apne hi dushman hai
468,I don&#39;t find watching  his videos boring â¤ğŸ‰â¤
469,Allah talah ki qudrat haiâ¤â¤
470,Insaan dengerous animal
471,Being a neet aspirant I complete evolution chapterğŸ˜‚â¤
472,"Sir, right now I am 18 years old, I am from Bihar, I try to learn a lot from your videos and have learned a lot, I want to improve in the field of biodiversity and nature in future. Sir please ğŸ¥º It is with great sadness that I have to say that the way mankind plays with nature, one day it may have a negative impact on mankind. ...... à¤†à¤ªà¤•à¥‡ à¤šà¤°à¤£à¥‹à¤‚ à¤®à¥ˆà¤‚ à¤•à¥‹à¤Ÿà¤¿ à¤•à¥‹à¤Ÿà¤¿ à¤¨à¤®à¤¨ ğŸ™ğŸ™ğŸ™ğŸ™"
473,trata aur dwaper yug kb tha......ram ji kb aaye...mahabarat kb huağŸ˜¢ğŸ˜¢ğŸ˜¢ğŸ˜¢ğŸ˜¢
474,Universe ke or intersting facts janne ke liye humhare channel ko subscribe kare ğŸ™ğŸ™ğŸ™
475,I agree the polution
476,Very dangerous
477,Ek din hum sabko aur is dharti ko hamesha ke liye samapt hona hai
478,Sab Allah ki banayi hui cheez hai
479,want more videos on cosmology and universe releated topics
480,I like tanose
481,After watching this video My love for animals has increased..... Wonderful video... ğŸ™
482,then britishers arrived
483,Jai Shree R
484,Humans  will destroyed in 1 million
485,China made dinosaur isit true
486,Druv rati u r far better than modhi marjaa
487,ğŸ‘ğŸ¼ğŸ‘ğŸ¼ğŸ‘ğŸ¼ğŸ‘ğŸ¼thank you so much very nice video i enjoyed watching ğŸ˜Š
488,Dinosaurs khate kia the
489,Cockroach phle ayi thi ya dinosour
490,à¤¨à¤¾
491,"à¤ˆà¤¸ à¤¦à¥à¤¨à¤¿à¤¯à¤¾ à¤®à¥‡à¤‚ à¤œà¤¿à¤¸à¤•à¤¾ à¤­à¥€ à¤°à¤¾à¤œ à¤¹à¥‹à¤—à¤¾ à¤µà¥‹ à¤–à¤¤à¤®à¥¤<br>à¤œà¥ˆà¤¸à¥‡ à¤¡à¤à¤¨à¤†à¤¸à¤“à¤° à¤•à¤¾ à¤°à¤¾à¤œ à¤¡à¤à¤¨à¤†à¤¸à¤“à¤°à¤–à¤¤à¤®à¥¤<br>à¤µà¥ˆà¤¸à¥‡ à¤‡à¤¨à¥à¤¸à¤¾à¤¨ à¤•à¤¾ à¤°à¤¾à¤œ à¤‡à¤¨à¥à¤¸à¤¾à¤¨ à¤–à¤¤à¤®à¥¤ğŸ’¯ğŸ’¯ğŸ’¯<br>à¤‡à¤¨à¥à¤¸à¤¾à¤¨ à¤°à¤¾à¤œ à¤•à¤° à¤°à¤¹à¤¾ à¤¹à¥ˆ à¤œà¥ˆà¤¸à¥‡ à¤œà¤¾à¤¨à¤µà¤° à¤ªà¤°, à¤ªà¤•à¥à¤·à¥€ à¤ªà¤°, à¤ªà¥‡à¤¡à¤¼, à¤ªà¤¾à¤¨à¥€, à¤ªà¤°à¥à¤µà¤¤ , à¤†à¤•à¤¾à¤¶ à¤†à¤¦à¤¿"
492,Bhai meri baat suno kahana platinum insanon ko dharti per laane ja rahe the
493,I love youâ¤
494,"Isi topic ko school me hadd se jyada bor karke padhate hainğŸ˜¢ğŸ˜¢, but he made it intrestingâ¤"
495,1 million year phla amham khtm
496,jo huya acca huağŸ˜‚
497,Par kya un dainasours ke pas ham insano jitna dimag nahi hoga jab ki vo hamse bhout jada waqt jiye hai
498,Superb videoğŸ˜¢ğŸ˜¢â¤â¤â¤
499,"Ok, I agree with you but what about GOD?? is it proved that such a perfect echo system , Invironmental  system , respiration system and most important Reproduction system has evoluted by itself , I don&#39;t understand , It&#39;s amazing, just imagin how nature knows that every specie should have one pair and they have to sex to reproduce ????"
500,Qyamat bhi asy aye gi Kuch bhi nai beachy ga power of Allah
501,Tt
502,Nhi
503,"Hindu dharm dinosaur se bhi purana. Zyada tar dinosaur hindus the aur mandiron mein pooja karte the. Gau maata ko ye paalte the. Mandir vahin, crater pe hi bangega â›³"
504,Today our Madina have those part of asteroid sent by Allah to begin Human Insurgence on earth â¤. Thats why we pray to it to give our Thankyou to bring us here.
505,1000 years me sub khatam ho jayengeğŸ˜‚ğŸ˜‚ğŸ˜‚
506,Plzz make video on Amazon forest
507,Love u Dhruv sir
508,Fact that dominat dinos ruled 170 million didn&#39;t even invent any technology alone fact that gie much potential human has
509,1450.years.muslim.hai
510,"<a href=""https://www.youtube.com/watch?v=ZJG1FjH1cEE&amp;t=1373"">22:53</a> <br>Or we&#39;ll never extinct"
511,Nice
512,Thik h bro par ye pathar KAHA se aya
513,1 million years vi nhi rahega
514,â¤â¤â¤â¤
515,Yrr Tumhari video to bas continue dekhte rhe ho â¤
516,Dainasor ki acha din kab aayega
517,I wanna meet you brother
518,King Kong story please
519,Behtareen Content â¤
520,"<a href=""https://www.youtube.com/watch?v=ZJG1FjH1cEE&amp;t=1377"">22:57</a>  nahii"
521,Meri aishwariya rai hainğŸ˜‚
522,Insan per search kr k btao k pahla insan Kon tha or bgair insan k kasa pada hogya
523,Good bhai ğŸ‘‰ğŸŒğŸ¥°
524,excellent video
525,Thanks
526,"500 ,mili"
527,Indeed Allah is the best planner
528,Insaan prajati ke liye bhagwan ko in jaise jivo ko nastha karna jaruri pada!<br>...agar bhagwan chahe to insaano ka bhi yhi ho sakta hai ğŸ˜“
529,"True, humans are real destroyer for earth"
530,"AP her cheez Kay baray may videos bamatay hay. Es phar bhi banae Kay Movies bananay walay awer en may Kam karnay walay generations ku Kitna nuqsan pohonchatay hay, crimes, nashay k tareeqay sekatay hay. Visuals insani demagh phar Kitna asar Andaz huta hay. Batao logo ko"
531,I also nature lover so we have to save our earth
532,25% àª­à«€ nahi jinda reh paege
533,thanks for birds information
534,Please make Amazon forest video
535,I think only 1 million years have humans exist in the earth
536,What is your age
537,What is your name
538,"Exa:Vilupt prajapati jaise  save  tiger,  save soil,  save girl etc."
539,"Hi im from sindh Pakistan .i realy like your every video ,the content you put into the video is just simply explained and well knowledgedâ™¥ï¸ğŸ‘Œ"
540,"Learnings from the video - <br>1. Interesting!! <br>2. Humans are not the only reason for global warming/climate change lol.<br>3. Major predators are bound to be extinct (dinosaurs as well as humans).<br>4. Although dinosaurs got extinct because of an asteroid, humans will set a new record of extinction - self destruction. Funnily, we can protect ourselves from outside world phenomena and natural disasters with new inventions at the cost of nature. Over the years, we will be the cause for our own extinction rather than any external event."
541,G ni
542,Ek din ye duniya khatm ho jayegi....mera dil kehta hai.....
543,Please one video on Deja Vu
544,"<a href=""https://www.youtube.com/watch?v=ZJG1FjH1cEE&amp;t=1391"">23:11</a>"
545,he is my best creator and youtuber how knowledge able video he make
546,Your videos always full of knowledge... â¤ looking for more science fiction videosğŸ‰
547,as gd as 1 sn
548,Osm video Sir
549,ğŸ˜®ğŸ˜®ğŸ˜®
550,Im enjoying this video like a live encyclopaedia.ğŸ˜ŠğŸ˜ƒ
551,Well I do Criticize Dhruv On his Political Videos <br>But I Love His Content &amp; All This Type Of Videos.<br>&amp; Also His Vlogs .
552,â¤
553,"IN ADDITION TO THESE CONTINENTS, THERE ARE MANY OTHER LANDS AND PLANETS. SUCH AS THE MOON, THE SUN, JUPITER, MARS AND SO ON, ADAMS HAVE INHABITED THESE PLANETS ALSO. SOME OF THESE HAVE BEEN DESTROYED. IN SOME INSTANCES BY STOPPING THE SUPPLY OF OXYGEN AND IN OTHER CASES BY THE TOTAL DESTRUCTION OF THE LAND.<br>THERE IS STILL HUMAN LIFE ON MARS AND THERE IS A FIERY LIFE FORM INHABITING THE SUN.<br>OUR SCIENTISTS HAVE YET BEEN UNABLE TO REACH MARS WHEREAS THE INHABITANTS OF MARS HAVE VISITED THE EARTH ON NUMEROUS OCCASIONS AND HAVE TAKEN PEOPLE BACK WITH THEM FOR EXPERIMENTATION. THEY ARE SCIENTIFICALLY MORE ADVANCED AND THEIR INVENTIONS ARE SUPERIOR TO OURS. EVEN IF OUR SATELLITES AND SCIENTISTS REACH MARS THEY WILL BE UNABLE TO ESCAPE ONCE THEY ARE CAPTURED BY THE MARTIANS.<br>THERE WAS ONE ADAM WHO WAS ABUNDANTLY ENDOWED WITH KNOWLEDGE BY GOD. THE DESCENDANTS OF THIS ADAM ON THE BASIS OF THEIR KNOWLEDGE, WERE ABLE TO TRAVEL TO AND REACH THE REALM WHERE GOD COMMUNICATES WITH THE ANGELS AND GIVES THEM VARIOUS TASKS IN THE FORM OF COMMANDMENTS. IN OTHER WORDS WHATEVER COMMAND GOD GAVE TO<br>THE ANGELS, THESE PEOPLE WERE ABLE TO HEAR THEM. ONE DAY THE ANGELS SAID TO GOD, THAT THESE PEOPLE HAD STARTED TO INTERFERE WITH THE AFFAIRS OF THE ANGELS. FURTHER THAT WHEN THE ANGELS CAME DOWN INTO THE WORLD THESE PEOPLE WOULD ALREADY HAVE FOUND AN ALTERNATIVE SOLUTION TO THE TASK OF THE ANGELS.<br>GOD THEN COMMANDED THE ARCHANGEL GABRIEL TO GO AND TO TEST THESE PEOPLE. A TWELVE YEAR OLD BOY, WAS HERDING SOME SHEEP WHEN GABRIEL APPROACHED HIM AND SAID, â€œDO YOU POSSESS ANY KNOWLEDGE?â€ THE BOY REPLIED, â€œASK ME?â€ GABRIEL THEN ASKED THE BOY TO TELL HIM WHERE GABRIEL WAS AT THAT TIME. THE BOY CLOSED HIS EYES AND THEN SAID THAT HE (GABRIEL) IS NOT IN THE SKIES. GABRIEL THEN ASKED, â€œWHERE IS HE?â€ THE BOY THEN SAID THAT HE (GABRIEL) IS NOT ON ANY LAND EITHER. GABRIEL ASKED, â€œTHEN WHERE IS HE?â€ THE BOY OPENED HIS EYES AND SAID THAT â€œI HAVE LOOKED IN THE FOURTEEN REALMS AND HE IS NOWHERE TO BE FOUND, EITHER I AM GABRIEL OR YOU ARE GABRIEL.â€<br>THEN GOD SAID TO THE ANGELS THAT THIS NATION BE DESTROYED BY THE FLOODS. THE PEOPLE HEARD THIS COMMAND AND STARTED TO MAKE HOMES MADE OF METAL AND GLASS. THEN THIS NATION WAS DESTROYED BY AN EARTHQUAKE. AT THAT TIME, THE REGION WAS KNOWN AS KAALDA. IT IS NOW KNOWN AS GREECE.<br>THOSE PEOPLE WITH THEIR KNOWLEDGE AND NOW OUR SCIENTISTS WITH THEIR SCIENTIFIC KNOWLEDGE, ARE INTERFERING WITH GODâ€™S AFFAIRS. IN ORDER TO INSTILL FEAR INTO THEM, DISASTER ON A SMALL SCALE HAS BEEN INSTIGATED AND FOR THE COMPLETE DESTRUCTION AN ASTEROID HAS BEEN SENT TOWARDS THE EARTH WHICH IS EXPECTED TO HIT THE EARTH IN ABOUT TWENTY TO TWENTY FIVE YEARS AND WHEN IT DOES, THAT WILL BE THE LAST DAY OF THE EARTH. A PART OF THAT ASTEROID HAS FALLEN ON JUPITER IN THE LAST TWO YEARS, EVEN THE SCIENTISTS ARE AWARE OF THIS.<br>THEY ARE THEREFORE WISHING TO MOVE TO THE MOON OR SOME OTHER PLANET AND THERE HAVE EVEN BEEN PLOT BOOKINGS ON THE MOON FOR THIS PURPOSE WHEN THEY KNOW THAT LIFE CANNOT BE SUPPORTED ON THE MOON AS THERE IS NO OXYGEN, WATER OR VEGETATION. THEN WHAT IS THE PURPOSE OF ALL THE FRENZIED EFFORT? AS FAR AS RESEARCH IS CONCERNED, WHAT BENEFIT HAS HUMANITY DERIVED BY REACHING THE MOON OR JUPITER? HAS ANY MEDICINE OR PRESCRIPTION BEEN DISCOVERED TO FACILITATE IMMORTALITY OR HAS A â€œCUREâ€ BEEN FOUND TO PREVENT DEATH?<br>EVEN IF WE REACHED THE INHABITANTS OF MARS, THE DIFFERENCE IN OUR ATMOSPHERE AND THEIRS WOULD MAKE LIVING ON MARS VERY DIFFICULT.<br>ALL THE MONEY THAT IS BEING SPENT IN THIS REGARD IS GOING TO WASTE AND IF THE UNITED STATES AND RUSSIA WERE TO SPEND THAT MONEY ON THE POOR, THEN EVERYBODY WOULD BE BETTER OFF. THE DIFFERENCES BETWEEN HUMAN BEINGS HAVE LED TO THE CREATION OF ATOMIC BOMBS , IN ORDER TO DESTROY ONE ANOTHER, WHEN THE WORLD WILL BE DESTROYED WITHOUT THE BOMBS ANYWAY."
554,101â¤â¤
555,Rt
556,Khate keya the ye
557,Sir Half million bhi rah jay to bahut hai
558,27 me to duniya hi khatam hai ğŸ˜‚
559,I million se pehle
560,I like your all videos broo you know why because tumara video me ye bakwas dharam ka charcha Nahi hai
561,According to hadith There were only great forefathers of lizard before Adam.. the shaitan Convinced lizards to spy for him against Adam&#39;s child&#39;s ( humans) as he said that cause of Adam the Supreme God destroyed your forefathers .
562,Mast.....c banavtoy
563,2026 me duniya khatam h bhai ğŸ˜‚
564,2029 sal ke liye kuch bol payoge
565,Very Good ğŸ‰
566,"Sir satyug ,dwapar yug,treta yug ke baare mein bhi ek vide bana do"
567,Bhai driveron ke liye galat Kanoon aaya  hai uske bare mein ve video bnao please bhai agar Je Kanoon pas hu gia tu ham driver mare jaenge please bhai
568,Mujhe vote mai .. mai idea ğŸ’¡ dungağŸ˜…like politician
569,My don ur presentation is awesome â¤
570,Ab human sab ki bari hai..<br>Bahut raj kr liye dharti prğŸ˜…
571,"<a href=""https://www.youtube.com/watch?v=ZJG1FjH1cEE&amp;t=1381"">23:01</a>"
572,That time  how can  survive carnivores dianosoures  <br><br>Because that time only dianosoures  survive  so how can carnivores
573,Very good information brother
574,Insan kuch salo bad Earth ko he sell order lagake bech denge
575,Darwin theory is just a theory not factğŸ¥±
576,No
577,"<a href=""https://www.youtube.com/watch?v=ZJG1FjH1cEE&amp;t=960"">16:00</a>, Dinosaurs became sparrows, now why can&#39;t sparrows become dinosaursğŸ˜…ğŸŒ±"
578,Great work
579,Your video should 5 hour time table  . ğŸ˜Š
580,we will become extinct by the next hundred years if we don&#39;t take care of our planet. Let us all intelligent and educated people here make sure we beat the dinosaur&#39;s record on earth. ğŸ˜ğŸ‘
581,à¤²à¥‹à¤¹à¥‡ à¤•à¤¾
582,à¤µà¤¿à¤²à¥à¤ªà¥à¤¤ à¤¹à¥‹à¤¨à¥‡
583,Dhruv you are great
584,ğŸ˜®
585,Allah ki qudrat
586,Dhruv rather &gt;&gt;&gt;&gt; respect
587,"This is not truth the holy Bible says the truth,,,,,,Jehova god,, created heaven and earth all leaving creature in sky and on earth and human being 6 day he created all things 7 day jehova god blessed the and completed all work and he take rest on 7 day..in holy Bible/ genises chapter 1:1,31we find the truth of jehova god the creator of heaven and earth"
588,Bhai kaha sy soch lety ho itny awla level k topics
589,To Bhai GOD ka Janam kab hua ???
590,Nice work
591,Fact: no one knows the original color of dinosaurs.
592,Dinasour ne khud ko devlop kyu nahi kiya
593,24 12 2023    ğŸ•’
594,A real content creator â¤
595,100% again astroid will come the final one
596,Aap toh the ne ...
597,Bhai tum kaha se ho .... Reply karna .<br><br>Personal
598,Daynasor se Kam hi rahenge insan daynasor gadi me ni ghumte theğŸ˜‚ğŸ˜‚
599,2024. Well come too video ğŸ‰
600,Make video about Feku Vivek Bindra
601,Subhanallah â¤ï¸
602,Dhruv sir you have littlbit less knowledge about botany.<br>Gymnosperms are those plants which r still surviving since Jurassic period
603,No they will not beat
604,Bhi thoda sal ko thoda sahi tarike se samja sena .. million ase samaj nahi ata..
605,No words â¤ï¸â¤ï¸â¤ï¸â¤ï¸
606,yep the lesson is clear that we all should try to save plants and species of animals.
607,NICE      VIDEO     BRO         ğŸ‘
608,its depend on Allah
609,Cameraman never diesğŸ˜‚â¤
610,â¤â¤â¤â¤
611,Dhruv&#39;s laugh after chicken n terax ğŸ˜‚ğŸ˜‚ğŸ˜‚ğŸ˜‚
612,Wow ğŸ˜²ğŸ‰ğŸ‰ğŸ‰
613,ğŸ’€
614,Everything will be destroyed on the day of judgement
615,Sal mein 365 din hote Hain usmein 45 din Puri duniya mein lockdown hona chahie
616,Aise astornod por Ak movie bhi bna hai <br>TIK TIK TIK â¤â¤â¤
617,"We have already lost many things; an example of this can be seen in the fact that 20 years ago, there used to be a lot more rainfall, but now it has significantly reduced. Areas where there was no rain before are experiencing it, and where it used to rain, it no longer does. We need to be diligent in saving the environment."
618,Tyrenosorous<br>Carnivores<br>40 feetâ<br>20 feetâœ”ï¸
619,What is the reliable source of its evidence? Or it&#39;s simply a product of presuppositions? ğŸ˜…
620,l am thankful to all the good humans and other living beings for making this  to the<br>way.....ğŸ’ŸğŸ‘ğŸ‘ğŸ‘ğŸ‘ <br> Good video ğŸ‘ğŸ‘
621,Eye opener for those who say that day of judgment will never come
622,"<a href=""https://www.youtube.com/watch?v=ZJG1FjH1cEE&amp;t=386"">6:26</a> My Name Dinosaur ğŸ˜‚"
623,Sir one request make video on how to make earthâ€¦please please
624,"I murdered...you are forgiven. <br><br>26 Now it came to pass that they were taken and brought up before the judge, to be judged of the crime which they had done, according to the law which had been given by the people. <br><br>27 Now it came to pass that those judges had many friends and kindreds; and the remainder, yea, even almost all the lawyers and the high priests, did gather themselves together, and unite with the kindreds of those judges who were to be tried according to the law. <br><br>28 And they did enter into a covenant one with another, yea, even into that covenant which was given by them of old, which covenant was given and administered by the devil, to combine against all righteousness. <br><br>29 Therefore they did combine against the people of the Lord, and enter into a covenant to destroy them, and to deliver those who were guilty of murder from the grasp of justice, which was about to be administered according to the law. <br><br>30 And they did set at defiance the law and the rights of their country; and they did covenant one with another to destroy the governor, and to establish a king over the land, that the land should no more be at liberty but should be subject unto kings. <br><br>3 Nephi <a href=""https://www.youtube.com/watch?v=ZJG1FjH1cEE&amp;t=386"">6:26</a>-30 <br>The Book of Mormon"
625,hum ma se majority 100 saal baad tak nahi ho gy
626,Love you dinosaur ğŸ˜¢ğŸ˜¢â¤
627,"Good evening sir...i actually never watch channel on YouTube..but i watch many of ur videos with my kids...its very interesting and informative,ğŸ‘"
628,à¤à¤• à¤¬à¤¾à¤° à¤”à¤° à¤†à¤¨à¤¾ à¤šà¤¾à¤¹à¤¿à¤ à¤µà¤­à¥€ à¤œà¤²à¥à¤¦à¥€ ğŸ˜€ğŸ˜€ğŸ˜€
629,ğŸ‰
630,Who noticed Thanos ğŸ˜‚ğŸ˜‚
631,à¤…à¤°à¥‡ à¤¯à¤¾à¤° à¤§à¥à¤°à¥à¤µ à¤†à¤¦à¤® à¤”à¤° à¤¹à¤µà¥à¤µà¤¾ à¤°à¤¹à¥‡ à¤¹à¥‹à¤‚à¤—à¥‡ à¤¤à¥à¤®à¤¨à¥‡ à¤§à¥à¤¯à¤¾à¤¨ à¤¸à¥‡ à¤¨à¤¹à¥€ à¤¦à¥‡à¤–à¤¾à¥¤ à¤¦à¥‡à¤–à¤¨à¤¾ à¤¤à¥à¤®à¥à¤¹à¤¾à¤°à¥‡ à¤°à¤¿à¤²à¥€à¤œà¤¨ à¤‘à¤« à¤ªà¥€à¤¸ à¤µà¤¾à¤²à¥‡ à¤¨à¤¾à¤°à¤¾à¤œ à¤¹à¥‹ à¤œà¤¾à¤¯à¥‡à¤‚à¤—à¥‡à¥¤ğŸ˜‚ğŸ˜‚ğŸ˜‚
632,Hii sir very very nice video â¤â¤â¤â¤
633,Very informative videoâ¤
634,bahi  is polution ko rokne ke liye mai  kya karu  ek pradhan mantri bana dijiye bas fhir dekhana ap
635,Best videos ever ğŸ˜ğŸ”¥ğŸ”¥ğŸ‘Œ
636,1 million me hi khatam ho jayenge insaan ..  reason 0.3 million me ye haal h ..  abhi 0.7 million years bacha h
637,This is mind blowing ğŸ˜®
638,Mind-blowing
639,BEFORE 1 MILLION YRS
640,50000 à¤¸à¤¾à¤² à¤¬à¤¹à¥‹à¤¤ à¤¹à¥ˆà¤‚
641,I am Pakistani Well done but Allah knows better
642,There is no way humans will survive more than dinosours....i think if we dont take serious steps to control global warming today we can hardly survive for more 1000 years.
643,Archaeopteryx was the one I noticed more kdrama people will relate to itğŸ˜‚
644,NamasteğŸ˜®ğŸ˜®
645,Quetzalcoatlus bird maine bhot bar dechie hai speed 11-12 meters ki speed mai
646,"Bhai dhruv, Uday hussein pe bhi ek video banao to maza aa jaye"
647,Yani pahela fossi usse pahele mila hoga badme jab use identified karne baad 1841 introduce kiya gaya hoga
648,Actualt india me 1828 me dinosaurs ki reed ki haddi mili thi phir uske baad 1877 me confirm kiya ki vo ek dinosaur ke fossils hain
649,"Personally, I think humans are better off extinct. All we do is take and take and destroy and destroy, without giving anything back or creating anything useful."
650,Dinasaurs ke kankaal toh mil gaye lekin vo 10 sir wale RAVAN ka kankaal nahi mila ğŸ˜‚ğŸ˜‚
651,That is well described Evolution. Thanks for the information. Keep it up.
652,Very knowledgeable video  .... loved it
653,ğŸ‘ğŸ‘ğŸ‘
654,we can&#39;t even stay 5% of their era
655,No qayamat kareeb haiiğŸ˜¢
656,Bhai main toh roj ja raha hun apne past main ğŸ˜¢
657,Greatest educational video by dhruv ratheee ji
658,Dusro ki nahi lakin mai to 2100 saal se pahle extinct ho jaunga ğŸ˜‚ğŸ˜‚ğŸ˜‚
659,Tu kya uss samay tha...itna Gyan kaha se pelta hai..Thora kha pi le..lagta hai Teri Gori tujhe khilata Nehi hai..fokat mein Gyan aur subscriber ko ullu banake paisa kamana
660,I like this video more than any other your videos â¤â¤â¤
661,100 million saal ğŸ˜‚ğŸ˜‚ğŸ˜‚ğŸ˜‚ğŸ˜‚ sab jhot hai
662,Sab fake hai khoi astriod na hi gira
663,Dinosaur king anime ke baare main video banao
664,unbelievable â¤
665,Insaan Ane bale baqt ki musibat se nhi basega  insaan khudka mrityu khud hi bula rahe hai ğŸ˜¢ meri baat ki deep meaning hai
666,Plz Dr Mera hum lala moreh manipur
667,Moreh Mera town hai
668,Hum manipur Ka hai solve karo plz hum lala
669,We will extinct before 10 million years ğŸ˜®
670,Dinosaur aaye kahan se
671,thanku dhruv bhai for this special video....i got to know about gond community peoples and gondwana island
672,"Though, we means humans tried their best to survive , there should be a end for everything. Here the point humans leave that to nature like dinosaurs or humans themselves distroy the earth and end the human beings. nature gives more more time for human being like dinosaurs but but it seems noe human beings are hurry to distroy ourselves before than that"
673,Wow
674,I am class 11 humanities student shreya and really It&#39;s amazing video and always watch your video&#39;s on YouTube ğŸ™ğŸ˜Š
675,obviously Allah know better than that of humans and he say in Quran that only he now that when the world destroyed all the scientist contributions are already described in the Quran before 1400 years ago
676,this man deserve Golden awards â¤ï¸ğŸ˜‰ğŸ’™ğŸ¤ğŸ»
677,Dinosaur ke bhi achhe din aake chla gya ...hamara nahi aayağŸ˜¢ğŸ˜¢
678,"Bechare dinasore ,insaano se ziyada yeh deserve karte the jeena , jeise ab kalyug chl rha ha"
679,Chube khute ğŸ˜…
680,Theries of evolution par b aise hi video bnaiye na plz
681,thanks to hinduism which specified the importance of Guru (jupitor) planet
682,lekin adam toh phle aye the
683,Great â¤
684,Poor dinosaurs had to go through alot for us ğŸ˜¢
685,Yesahi raha toh insan 1 million nahi 0.5 million mehi khatam hojatega
686,Nice ğŸ‘ğŸ™‚
687,If humans co-operate
688,Itna to steven bhai ne bhi research nahi kia hoga ... Jurassic Park banate waqt
689,"Bro hats off to you to make such a great educational videos on everything , I would like to make one more such a video of entropy <br>â¤â¤"
690,We feel intelligent and different when we watch dhruv rathe
691,Bhai aap bahut achha batate hoâ¤
692,Salaar is dinosaurs<br><br>Did you watch teaser of salaar
693,Insaan ashraful makhlukat hai
694,2029 APOPHIS
695,skinwalker  kaa. Video bana sakte hoo .... brother....ap kaa video mei har din dekta ho.all..bohot assa lagta hai .. thanks for evar
696,Maja agaya bhai
697,"But where were God, Allha, Jesus, bhagwan? <br>Observe kr rahe hai the kya. ğŸ˜…<br>To show stories to human without telling stories kf dianasourse."
698,Ye kaise pta lgate hai ki kon si chiz kitni purani hai
699,At first u said 90kmph <br>Then u said maximum is 80kmph ğŸ˜‚
700,The way he explain has won my heart ..i just watch his videos ones and i always remember the things he tought us really amazing ğŸª„ğŸ‘ŒğŸ’¥
701,Mai 1 lakh tree lagauga apni taraf se
702,No andhbhakt and andhnamazi harmed in this video ğŸ˜‚. Ab ye log bolenge dinosaurs america ne banaye hai humare majhab aur dharm ke logo ko bhatkane. Uneducated hindu muslims.
703,Fake Story
704,"Answer of your last question is, <br><br> some thousand years later the solar system will collapse, ğŸ˜¢and humans will be surprised and disappointed badly ğŸ˜"
705,Class 12 NCERT &quot;EVOLUTION&quot; Oneshot with &quot;FUN&quot; ğŸ˜‚ğŸ’œ
706,"<a href=""https://www.youtube.com/watch?v=ZJG1FjH1cEE&amp;t=955"">15:55</a> ğŸ˜¢ man they are true history of earth all time owner of planet earth ğŸ‘‘"
707,Dhruv Rathee bhai aap apni ek video mein saare ke saare dinosaur ke upar ek video banaiye aur uss video mein saare dinosaur ke naam aur unki asli photo bhi
708,Le muslims laughing in corner they know about qayamat
709,Ek din is gareeb ka bhi channel grow hoga ğŸ˜¢
710,Isme aag nikalne wala dinosaur bhi hai kya kya vo real bhi hai ğŸ˜…ğŸ˜…ğŸ˜…
711,reptile kis angle se cute dikhta tha.
712,Fuudu banda ik number da eh
713,I wonder how much poop had came out of their butt
714,"Human beings are the biggest treat  for the earth. <br><br><br><br><br><br><br><br><br><br><br><br><br><br><br><br><br><br><br><br><br><br><br><br><br><br><br><br><br><br><br><br><br><br><br><br><br><br>Who else noticed Thanos.ğŸ˜…ğŸ˜…<br><a href=""https://www.youtube.com/watch?v=ZJG1FjH1cEE&amp;t=617"">10:17</a>"
715,Agar kbhi wo asteroid kbhi takrata hi nhi  âœ…âœ…âœ…ğŸ™
716,Asteroid bade hue to us asteroid ke mukable
717,I love this man just only for his content â¤ï¸â¤ï¸â¤ï¸â¤ï¸ğŸ‘â¤ï¸â¤ï¸â¤ï¸â¤ï¸â¤ï¸
718,I just love to think about it ke etna bada explosion hone ke baad bhe earth ko kuch bhe nahi hua har cheez etne jyada balanced hai ke espar baar baar sawaal uthata hai dimaag ke acutally me real hai ya nhi....
719,No one like u man â¤
720,Impossible
721,Insan 10 millon years toh kya 5 million years bhi nahi exist kar payega gharti parğŸ˜¢ğŸ˜¢ğŸ˜¢
722,Yes human can finish
723,Greate educational video druv rathe
724,Of course ab ka time main asa hi lagta hai ka ana wala kuch salon main dunya hi katam ho gay gi pir na to dunya ho ki or na yahan par koi life ğŸ˜”ğŸ˜”
725,Thanos ki snap ki vajah se dinosaur gayab ho gaye ğŸ˜‚ğŸ˜‚
726,Nothing is parmanant
727,Quran mentioned it 14k years ago.......
728,"<a href=""https://www.youtube.com/watch?v=ZJG1FjH1cEE&amp;t=984"">16:24</a> laughğŸ˜‚"
729,Things comes nd goes but namashkar dostoo still permanent <br>Druve rathee .... Love from pakistan watching ur videos daily <br>Keep wacthing old ones nd always waits for new one
730,Sahi baat hai Bhai
731,Answer: i dont think we Humen can survive a Million years.
732,500 year
733,Samaj me Nehi  aaraha ki innka photos kisne liya hogağŸ˜‚
734,Jitna mene school or college se nahi sikha usse kahi gunna jyada apke videos ke madhyam se sikha hun ğŸ˜… bahut aacha se explain karte ho aap . bahut sukun milta hai apki video dekh kar din aache se gujar gaya aisa feel hota hai .ğŸ˜…ğŸ˜‚ Dhanyawad sir
735,As per the current trend it&#39;s very difficult to cross 1 million years
736,Muje nai lagta ki 1m Tak log rahenge ensan. ensan ko khalega ğŸ˜†
737,Agg sa 3 year phala mara dada abu ne muga ek bat batai thi dada abu ne muga pata tha ka JAB TUMARAI umer 16 saal ki ho gyi gi ne tab log tumara comment par kar apna time waste kara gya ğŸ˜‚ğŸ˜‚
738,Kya hm sb bhi Marne wale hainğŸ˜¢ğŸ˜¢ğŸ˜‚ğŸ‘ˆğŸ’¯ğŸ’¯
739,V interesting
740,Only one Allah â˜ï¸
741,Â©
742,Hm ni manty k insan prhly MONKEY Thy yah boHt he jahil qism Ki bat h koi b ni agree krta
743,Can u make one video comparing when humans came into the story ?
744,1m se pehle insan khtm ho jyega
745,Koi bhi dharti ko bachata Nahin hai Sare hi dharti ko nuksan kar rahe hain aur usmein se ham bhi hain aur vah din dur Nahin jab dharti Ka bahut jald vinash hogağŸ˜¢
746,Woooow....dhruve...! You are an amaizing personâ¤
747,NOT RICH UP TO 0.9 M
748,ğŸ‡µğŸ‡°ğŸ‡µğŸ‡°ğŸ‡µğŸ‡°ğŸ‡µğŸ‡°ğŸ‡µğŸ‡°ğŸ‡µğŸ‡°ğŸ‡µğŸ‡°ğŸ‡µğŸ‡°
749,no its not possible because arthopogenic activty
750,Go for it sirğŸ¥°ğŸ¥°
751,Bhai aap gs padhaiye n please corse lekar aaye pleaseğŸ™ğŸ™ sir
752,You are legend
753,Humans &amp; modern technology  has destroyed the earth already
754,"Hi Dhruv. The video is very good ğŸ‘. But, the dinosaur extinction was not the greatest extinction ever. It was the Great dying. Just so you know"
755,Dinosaurs are not real
756,"<a href=""https://www.youtube.com/watch?v=ZJG1FjH1cEE&amp;t=923"">15:23</a> thankyou so much asteroid, tmhare wjh se hi aaj hm utube aur insta chla pa rhe...aur setting se batt vğŸ˜‚ğŸ˜‚"
757,1 million v pura kar nahi payega insan...jesa chal raha hai mera nazar mai.
758,What about elephant mammals???
759,Hazrat Adam was first man on earth.and in Sri Lanka
760,Ek sawal mera bhi humare kisi bhi Garnth me DIOUNASUR ka zikar kyu nhi hain.. Kyuki humara dharm toh bhut purana h?????
761,Dhruv tale me one thing ye video me tumne jo information di vo scientific he to kya etne million years k pehle God the? <br>Ham jise God samjte hai book k thru vo to hmare jese human k bich rhte the yahi story sunte aa rhe he hm to kya God hai ya ye video sach hai koi ek bat sach ho sakti hai  plz ans.... Anybody
762,Knowledgeable ğŸ¥°ğŸ¥°ğŸ˜®ğŸ˜®ğŸ™ğŸ™ğŸ™ğŸ™ğŸ™ğŸ™ğŸ¥°
763,Bhai please costa cornidia disaster vdo it&#39;s Titanic se bada ship distarer ğŸ˜¢
764,I like his science fiction and historical videos.. It&#39;s just some political statements given by him which bring hates towards him..
765,It&#39;s just so sad to learn that we humans will be the reason behind 6th mass extinction level event. We are so self destructive ğŸ˜¢
766,Ek question @dhruvrathi phir god kb aaye kese aaye
767,How can come the earth has never been hit again by an asteroid of such magnitude?
768,Iska matlab ye hai ki hum chicken ke naam pe dynasor kha rahe hai dhruv bhaiya......ğŸ˜‚ğŸ˜‚ğŸ˜‚ğŸ˜‚ğŸ˜‚ğŸ˜‚......I am jockingâ¤â¤â¤ğŸ˜‚ğŸ˜‚ğŸ˜‚ğŸ˜‚
769,"Really appreciate your work bro, keep it up â¤ï¸ğŸ‘ very nice video"
770,"Class 12th Evolution chapter completed, now time to watch â¤â¤â¤â¤â¤â¤"
771,Thanos ğŸ«°ğŸ˜‚
772,Well tell
773,Insaan na hota to kitna acha hota â¤
774,Professional video editor so amazing editâ¤â¤
775,How astroid speed 30 kmph was calculated??? ğŸ˜‚
776,I cant stopbut see all your videos
777,4.5 billion years ago ğŸ˜Š
778,You are extremely extraordinaryğŸ˜®
779,It&#39;s upon Allah
780,"Dinosaur Dekhne ka sapna, sapna hi reh Gaya ğŸ¥²"
781,Only 100 years
782,"18: <a href=""https://www.youtube.com/watch?v=ZJG1FjH1cEE&amp;t=1096"">18:16</a>"
783,You are awesome. I like your videos so much. Love from INDIAâ¤â¤â¤â¤
784,Good video ğŸ‘
785,The word evolution is latin word bro not greekğŸ˜‚ğŸ˜‚
786,Jurassic world film ğŸ‰ğŸ‰ğŸ‰
787,"According to 12th ncert it is  Brachiosaurus  <a href=""https://www.youtube.com/watch?v=ZJG1FjH1cEE&amp;t=525"">8:45</a><br><br>T-rax = Tyrannosaurus"
788,No humans can&#39;t beat dinosaursğŸ¦•
789,We are destroyer ğŸ˜¢ğŸ˜¢ğŸ˜¢ğŸ˜¢
790,Today my life is best jokes ğŸ¤£ğŸ¤£
791,Biology students ğŸ˜ğŸ˜
792,Very  nice ğŸ‘Œ
793,So many information you gave me always.. Dhruv Rathee sir Thank you so muchâ¤ğŸ‘
794,bhai dunya tab tak khattam nhin ho gi jab tak ALLAH na chahe
795,à¤­à¤¾à¤ˆ à¤µà¤¹ à¤¸à¤¬ à¤¤à¥‹ à¤ à¥€à¤• à¤¹à¥ˆ à¤²à¥‡à¤•à¤¿à¤¨ à¤‡à¤¸à¤®à¥‡à¤‚ à¤­à¤—à¤µà¤¾à¤¨ à¤•à¤¹à¤¾à¤‚ à¤ªà¤° à¤¹à¥ˆ ğŸ˜…ğŸ˜…
796,Asteroid erth se takaraya sirf theory heğŸ˜…
797,Asteroid se sirf dianosor mare??
798,à¤¯à¤¹à¤¾à¤‚ à¤ªà¤° à¤•à¥‹à¤ˆ à¤§à¤°à¥à¤® à¤•à¥‡ à¤ à¥‡à¤•à¥‡à¤¦à¤¾à¤° à¤¹à¥ˆ à¤œà¥‹ à¤•à¤¹à¤¤à¥‡ à¤¥à¥‡ à¤•à¥€ à¤‡à¤‚à¤¸à¤¾à¤¨ à¤•à¥‹ à¤­à¤—à¤µà¤¾à¤¨ à¤¨à¥‡ à¤¬à¤¨à¤¾à¤¯à¤¾ à¤¹à¥ˆ ?ğŸ˜‚ğŸ˜‚ğŸ˜‚
799,"à¤‰à¤¸ à¤¸à¤®à¤¯ à¤•à¥‹à¤ˆ à¤¡à¤¾à¤¯à¤¨à¥‹à¤¸à¥‹à¤° à¤¬à¤¾à¤¬à¤¾, à¤¦à¥‡à¤µà¥€, à¤—à¥‰à¤¡, à¤…à¤²à¥à¤²à¤¾à¤¹, à¤¥à¤¾ ğŸ˜‚ğŸ˜‚ğŸ˜‚ğŸ˜‚"
800,Dhruv Rathi ji Maine aapse 2000 rupaye Manga tha aapane to nahin diya aap ek kam kar sakte ho my music star Banna chahta hun mera halat Aisa nahin na ki main ban paise Kami hai aap banaa do Guru main aapko bulaunga aur sabse bada star ban ke
801,I&#39;m gonna ace my history test because of this guy
802,Keep it up Broâ¤
803,"Thank you for such a wonderful explanation, Sir!"
804,Cuteie pie
805,Amazing video as always â¤<br>Love you dhruv sir ğŸ¥°ğŸ¤© <br>my favorite teacherğŸ™‡ğŸ™
806,ğŸ’© pooped ğŸ’© ğŸ˜…
807,ğŸ”¥ğŸ”¥ğŸ”¥ğŸ”¥ğŸ”¥ğŸ”¥ğŸ”¥ğŸ”¥ğŸ”¥
808,Human will destroy earlier than dinasours
809,Op
810,ravindra kaushik par video bnao bhai topic on a brave raw agent black tigerâ¤
811,Bahi abb ka dinosaur matalab murga or murgi or jo udta hai o kabutar kauua ğŸ˜‚ğŸ˜‚ğŸ˜‚ğŸ‘
812,Quantum computer pe video bnaen?
813,Godzilla Naam Se Koi dinosaur hai kya
814,Sir please new video â¤ğŸ˜® à¤•à¤¬ à¤†à¤¯à¥‡à¤—à¤¾ ğŸ˜Š
815,"Religion (hindu, islam) doesn&#39;t believe evolution theory ğŸ˜…"
816,"Loved it, u r doing an awesome work, great extensive description. Dhruv bro let&#39;s make a video about the evolution of Homo sapiens as well. Like how we evolved, how we came into existence."
817,Most valuable channel
818,Save trees save Earth â¤
819,"<a href=""https://www.youtube.com/watch?v=ZJG1FjH1cEE&amp;t=1207"">20:07</a> imagine  takrane ke baad vo earth ki taraf mood jata to! ğŸ˜‚ğŸ¤£ğŸ˜‚ğŸ¤£"
820,wow your explanation is awesome yrr
821,Earth ni bachega.. Qayamat ana hi hai ek din as per Quran
822,BEST INFORMATIONS VIDEO VERY BEAUTIFUL EXPECTATIONS
823,Love â¤ï¸â¤ï¸â¤ï¸â¤ï¸
824,Dainasaur k bad hazrat Adam as dunia ma at thy Allah na bheja tha unko wo dunia k pehly insan thy or unky sath unki wife bhi thi AMMA hawa Allah buhat ghafur  Ur Rahim ha bro logo bro logo ko ghalat na guide kro
825,Maine petrol bike bech di go green ğŸ’šğŸ’šğŸ’šğŸğŸ˜‚
826,Keep it up bro
827,Earth Restart it&#39;s self after some hundred years by the help of Humans ğŸ˜”
828,"This person is very bad, he is causing a lot of harm to the earth."
829,Looks plus brain u are a good combo.. ap to love me bhi logic dhondain gay masla ho gae ga apki wife kay lie
830,"Sir I am very appreciated about how you upload the videos. I think the answer of the question is yes. Yes we can beat the records set by the dinosaurs only if we are more concerned about Earth. Am I right? <br>:- Well, one main reason is that we are the only mammals who had the ability to think, understand, react and bring the change which might change the future."
831,ğŸ˜…ğŸ˜…well information good show ğŸ˜…
832,"Maintaining discipline in the classroom is essential for creating a conducive learning environment. When all students adhere to rules and guidelines, it fosters a sense of respect and order, allowing teachers to effectively convey their lessons. Moreover, discipline not only benefits academic progress but also teaches important life skills such as responsibility and self-control. It is a collective effort that involves both educators and students, working together to ensure a harmonious and productive educational experience. In a disciplined classroom, students can thrive academically and develop the necessary skills to succeed in the broader context of life."
833,You are the most pathetic guy on earth Dhruv
834,human extension  2024 ğŸ¤£ğŸ¤£  Diwali me population dhek kar pata chalta hai
835,Bahot badhiya samjate ho tum.....humara bhi Gyan badhta he tumhari  vajese...thank you for all videos
836,Bhai apan ne unhe bhagte hue dekha he nhi phir kaise speed pata lagi plz explain ğŸ™ apan unki age weight to pata kar sakte hai but how we can predict there speed
837,Amazing.. enlightening and amusing too due to the advancement of our science and how little we know about those inventions
838,You are just fabulous bro no one can beat u your content and your concept are very knowledge full for our siblings and upcoming generation ğŸ˜ŠğŸ˜Šâ¤
839,2050 and the earth ğŸ˜…ğŸ˜…
840,Dhurva rathee definitely cross century because from last 5 years his pwesonality doesn&#39;t change
841,The only species to have withstood the brunt of that asteroid is dhruv ratheeğŸ˜‚ğŸ˜‚
842,Carbon dating se sirf earth pe aane ke baad ka time pata chala hoga na usse pehle wo asteroid kab bana wo nahi pata chala hoga
843,It&#39;s really helpful sir â¤
844,thanks sir for the videoâ¤ğŸ™
845,"<a href=""https://www.youtube.com/watch?v=ZJG1FjH1cEE&amp;t=1040"">17:20</a> that laughğŸ˜‚ğŸ˜‚"
846,Is it possible for dinosaurs to have furr?? What if dinosaurs were big furry animals?
847,Grear video sir
848,I love you brother â¤
849,I love Science I love Jurassic Park â¤
850,"Hey Dhruv, you can talk about the new devices which are recolutionising computing but are rarely known. Itâ€™s not Quantum Computing, not gpu, et cetera. They are termed as â€œMemristorsâ€."
851,Humans are worst creatures nature ever produced
852,4 million years mein to milky way Andromeda collision hoga
853,â¤â¤â¤
854,Max 500 yrs left for humans
855,"Very nice ,all videos screen play are good."
856,I think aap ko power rangers dekh na chahiye us mai bhi aap ko pata chalega
857,BadğŸ˜‚ğŸ˜…
858,"<a href=""https://www.youtube.com/watch?v=ZJG1FjH1cEE&amp;t=1426"">23:46</a> Impossible.. human beings wont live and will not cross 174 million years as AI and Robot will take over and vanish Human Beings"
859,Gem ğŸ’
860,Dinasour ko phele dragon ke naam se jaana jatha tha.what about mokle membe &amp; kongo moto
861,no bakwas sidhi baat aur topic pe aate hy  plus jo samjhate hy saab details me hy aur easy hy aap thats why i love your video
862,Dhruv rathee deserves more views and more subscribers than Saurav joshi who just shows his everyday life.<br>No hard work and he is getting fame.
863,if evolution brought dinosaurs then why they did not appear again with evolution ? seems fake evolution theory not proven
864,Sir 66 million years old ka kya matlab iridium ka earth par aana ya space me iridium ka formation sir please explain ğŸ˜®ğŸ˜®
865,Thanks dhruv bro.. Maza aata hai apke video dekh ke.
866,humans cannot survive so many million years like dinosaurs as we destroy our earth in the name of development
867,Outro song??
868,"à¤§à¥à¤°à¥à¤µ à¤°à¤¾à¤ à¥€ à¤œà¥€, à¤‡à¤¤à¤¨à¤¾ à¤…à¤µà¤¿à¤¶à¥à¤µà¤¸à¤¨à¥€à¤¯ à¤µà¥€à¤¡à¤¿à¤¯à¥‹ à¤¦à¤¿à¤–à¤¾à¤¨à¥‡ à¤•à¥‡ à¤²à¤¿à¤ à¤¬à¤¹à¥à¤¤-à¤¬à¤¹à¥à¤¤ à¤§à¤¨à¥à¤¯à¤µà¤¾à¤¦à¥¤ à¤²à¥‡à¤•à¤¿à¤¨ à¤µà¤¾à¤¸à¥à¤¤à¤µ à¤®à¥‡à¤‚ à¤¯à¤¹ à¤¸à¤š à¤¹à¥ˆà¥¤ à¤†à¤ªà¤•à¥‹ à¤¬à¤¾à¤°-à¤¬à¤¾à¤° à¤¬à¤¹à¥à¤¤-à¤¬à¤¹à¥à¤¤ à¤§à¤¨à¥à¤¯à¤µà¤¾à¤¦ à¤”à¤° à¤¸à¤²à¤¾à¤®"
869,Fabulous efforts ğŸ‘
870,En dinosaurs ka dhrm kya tha...ğŸ˜‚ğŸ˜‚
871,God&#39;s plan
872,"<a href=""https://www.youtube.com/watch?v=ZJG1FjH1cEE&amp;t=417"">6:57</a> Archaeopteryx ğŸ˜‚<br>If u know u know....."
873,"Pterosaurs were not Dinosaurs. You kept referring to them as flying dinosaurs, even said that birds evolved from pterosaurs, which is wrong. But overall great video ğŸ“¸"
874,"Nasa is doing such a great Job, huge respect to those scientists â¤"
875,Insaan evolved only 3lac years ago
876,"230 million year ago first dinasour got traced panjea age, dry arid environment---&gt;triasic perion dinasours started emerging<br><br>Pangea broke into pieces because of volcanic eruption sulphur dioxide and CO2 gas released which polluted oceans creature and when released in atmosphere blocked the sun radiation and extreme cold appeared only warm blooded survived <br><br>including dinosaur turtle early mammals and crocodiles now this period is called Jurassic<br><br>201m years ---145 million year before---&gt; JURASSIC PERIOD<br><br><br>Agla period The cretaceous period--&gt; har qism k dinosaur <br>145million to65million years ago<br><br>10-15km ---30km/s asteroid crashed earth 66m years ago<br>180km ka gadha 1billion times &gt; energy than atomic bomb<br>A lot of dust raised land very hot<br>Whole earth temp raised<br>Chote chote animals survive kr gae-- sea underwated caves mn chup kr<br>2km oncha sunami earthquake<br>Dust and co2 so2 blocked sun rays---extreme freezing temp<br>Animals died, no photosynthesis no plants u ko khaane wale mar gae unko khane wale mar gae<br>Mamels turtle lizard birds by eating fungus and dinosaurs<br><br>Dust hat gae but Co2 ne ab global warming krdi<br>75% creatures died<br>Paleogene period--&gt; now mamels evolve<br><br>Flying dinasours survived and evolve to birds birds and dinasaur are same<br><br>Trex most dangerous dina evolved to hen<br><br>Iridium is not on earth but asteriod have--&gt; irridium got found in various places of earth proved asteriod thing and carbon dating told age 66millions years ago"
877,Content Copied from Ridddle ğŸ˜¢
878,It&#39;s always great to watch your content
879,Pata nahi aisa patthar aaj kal me kiyu nahi girta ğŸ˜‚
880,To aap ne ak video me bola hai ki  is dharti par sabse pahale Adam aur arra aye the
881,Insan was created.... Not by ivolution ... Mark it...
882,"Do you believe the  Big Bang explosion made all the planets in a sequence at a fixed distance and started encircling the Sun and one planet (Earth) became with water and plants, Animals Apes and Dinosours? Wah Rathee Sabab, Scientists made us fools and We are still praising their never unmatching story like Quran.  Dinosours were existed before Noah. At the time of Noah, the population were very less on the Earth and Gorillas and other wild animals were present at that time. Dinosaurs were existed at that time. The Dinosaurs were destroyed during the great flood in Noahâ€™s time."
883,"It is a human made story for their business and fame. Donâ€™t be silly Mr Dhruv, Do you really believe that Earth is billions of years old? Come on dear. Be practical and think without human being the earth was existed, No sir, because on this earth Human Beings are the most important living creature in all time in History. Without human beings earth in nothing. Of course Human beings were populated gradually. The density of population  were increased gradually as there were a few people before twenty or twenty thousand years which now filled on the earth. Scientists says everything were existed on this earth and human beings were developed as todayâ€™s human being from Apes (Monkey) They produced human beings without tail in million of years.  Hilarious to hear this joke. I am not from the Monkey family. I am from God. I can prove the same. What was Elephant at those years of evolution? How was Ants and Birds  billions of years back? Come on Kisko Befakoof Nanara hai yeh scientists?"
884,100 sal ke amdar ğŸ˜…
885,Very nice contents
886,Want video on &quot;cast census &quot;.
887,"Today I feel I completed my Geography, History &amp; Science ğŸ˜"
888,"Dinosaurs lived with mankind, they are not millions of years old, please try to know the real truth."
889,Dhruv bhaiya youre greatâ¤ï¸ bhagwan ji kahase aaye utpati kab aur kaise huyi uspar ek video banao pls
890,Because Noah didn&#39;t have place in his ark
891,thats are animals relatives of animals
892,Make video on giant ant city brasil
893,ğŸ™„ğŸ™„ek min...Insaan evolve kb huye akhirğŸ¤§ğŸ¤§dinosaurs sy pehly k6 tha?insan un sy pehly thy?ğŸ™„
894,How ostrich ancestors survive ?
895,1 million se phale<br>I m sure<br>We are careless
896,â¤ğŸ˜Š knowledge is so adorable nd valuable â¤thank you so much ğŸ’—â˜ºï¸ bhai
897,Best speech
898,Yah humara quran pak main 1400 soo saal phalay bola gaya hai â¤â¤â¤ proud to b a muslim
899,How paleontologists calculate the age ?
900,Very informative video brother â¤
901,Excellent video
902,My graet youtuber
903,i will send you comment after we go to heaven ğŸ¤£ğŸ¤£
904,@dhruvrathee that namsakar dosto made me to watch and love your videos best videosâ¤
905,Insan ka time sabse km hoga. Men is universal dangerous.. men comparison nhi ho  sakata bure bhi bura..insan insan ki wajah se à¤¨à¤·à¥à¤Ÿ hoga
906,humans couldn&#39;t extinct till 0.4 million years on this planetğŸ˜¢ because we are distroying everything.
907,"Aaj kal 1 ped lagate hai aor 10 log pic khichvat hai ki aaj humne brachchha ropan Kia ped bechare social media me hi bache hai ,real life me ped rhe ya na rhe"
908,â¤â¤â¤â¤â¤â¤â¤â¤â¤
909,2milion Tak hi exit kar payenge
910,â¤â¤â¤â¤ ilove you sir
911,Ù…ÛŒØ±Ø§ Ø§Ù„Ù„Ù‘Ù°Û Ø§Ú¯Ø± Ú†Ø§ÛÛ’ ØªÙˆ Ø§Ø¨Ú¾ÛŒ Ø§Ø³ Ø¯Ù†ÛŒØ§ Ú©Ùˆ ÙÙ†Ø§ Ú©Ø± Ø¯Û’ ÛŒÛ Ù†Ø§Ø³Ø§ Ú©Ú†Ú¾ Ù†ÛÛŒÚº Ú©Ø± Ø³Ú©Û’ Ú¯Ø§Û”
912,"In future , everything will get vanish. And we call that day of destruction ğŸ‘‰ &quot;QAYAMAT&quot;"
913,Ham Insan Itna Chalak Hain Kyon Humse Jyada Bhale Jiye hain abhi Aane Wala cal Hamara hi hai aur rahega Kyunki ham log alag alag chijon per kam Karenge jaise ki dusre grahon per Rahana Khatre ko pahle hi bhap Lena isase Hamari Jindagi Sukumar acchi Rahegi Hamesha Hamesha ke liye
914,Sir your knowledge is incredible
915,à¤‡à¤‚à¤¸à¤¾à¤¨ à¤¤à¥‹ à¤®à¤°à¥‡à¤—à¤¾ à¤•à¥à¤¯à¥‹à¤‚ à¤•à¥€ à¤‰à¤¸à¤•à¥€ à¤¹à¤°à¤•à¤¤à¥‡à¤‚ à¤¸à¤¹à¥€ à¤¨à¤¹à¥€ à¤¹à¥ˆ
916,A lizard is cute for him ğŸ’€
917,"ğŸ˜‚please tell how china sells dinasours fake bones and dinasours are just imaginations of paleontologists, and never a full skeleton were found, they show you fake bones, it is to make us beleive in evolution,<br>Andhbhakt of west"
918,Nasa walle bahut khatarnak h ğŸ˜‚ğŸ˜‚
919,Awesome explanation well done keep it up ğŸ‘ğŸ‘
920,Effects to save humans ğŸ±
921,kalki avtar
922,Literally we are very thankful to Allah SWT we are aware from this scientist ğŸ˜‚
923,Bhai mere Kuch bhi faida nai hai Dimaq k itne ghode daudake ğŸ˜‚ ye sab Kuch bhi exists nai kerte mere Bhai instead of this researchers U must research from Quran if u want to know evolution u must read Noah AS story ğŸ‘
924,"Sir agar Aisa hi chalta raha to human civilization ka ant jald hi ho gayega <br>Human apna ant khud karege kyuki itne war atom bomb,global warming, population"
925,Man liya Sab thik hai par insano ka purbaj jo dikhya O galat hai tum logo ka purbaj bandar rahe hoge Mera nahiğŸ˜‚ğŸ˜‚
926,O Bhai ap na end pa ai ka bandro sa insan ka  Evolution  direct he kar dia YA ni batia ka bandro sa kasa insan ban o Bhai ya choot ha Islam ko study karo ap ko sab Bata chil jy ga.
927,Aaj ki generation mujre krne me lagi hai
928,Hahaha everything in this video is just a piece of assumptions of scientist. No body was there at that time so this is totally shit according to me. And how it is proved that this happens 66 millions years ago. How we know scientists are 100% accurate. Btw good content and awsme editingâ¤
929,"Give us a specific video about Titano Boa , please... Was it really exist? Or is it a myth or mystery??"
930,â¤â¤â¤â¤â¤
931,Ye sab mere Allah ki marzi ha wo duniya ko chalane wala ha na usne kisi ko janam Diya na wo kisi se janma or wo akela ha or wo hamesha se ha
932,ğ•‹â„ğ”¸â„•ğ•†ğ•Š ğ•Šğ•ƒğ”¸â„™
933,"I love that background thanos ğŸ˜‚ğŸ˜‚  in <a href=""https://www.youtube.com/watch?v=ZJG1FjH1cEE&amp;t=618"">10:18</a>"
934,0.5M se pehle ho jaega
935,Lakin sir kabhi na kabhi human ka aant hoga earth se
936,Chicken the favourite foodğŸ˜…ğŸ˜… actually human are more dangerous than dinosaur
937,Lo fir aagaya ğŸ¦–ğŸ¦•ğŸ¦–ğŸ¦•
938,bhaiya ek achaaa sa mic lelo voice clear nhi hoti
939,ğŸ˜®
940,Hello sir kuch log bolte h ki dinosaur ke time or titonoboa sbake bhi tha to ye baat sahi h kya is or video banao
941,I don&#39;t believe in dinosaurs as I have not heard of any dinosaurs in any religion scripts<br>If any one has knowledge on this or any mention of such creatures in any religion script please let me know
942,Insan multi planetary bnne ka sapna sanjo rha hai..Insan apni buddhi ka istemal karke khud ko jinda rkhne ke liye ek baar ko pura planet tabah kar de.
943,We need a video on the ice age
944,The fact that today&#39;s chickens are their closest relatives. ğŸ˜›
945,As a geologist and an Indian I find it outrageous how you ignored the effect of Deccan basalt (one of the biggest volcanic erruption event) in the causes for mass extinction that killed off dinasour. It&#39;s very surface level research which one could do in less than an hour if one know where to find it
946,YE HE MERE ALLAH KI QUDRAT
947,Evolution of human par video banaiye
948,"Save trees, save animals save nature ğŸ™"
949,"The extinction of dinosaur 174 million years, but humans doesn&#39;t exist these million years because of spreading pollution widely everywhere"
950,"Benefits of avoiding dairy products and replacing them with plant based milks ( soy milk peanut milk ) ...<br><br>Reduce Animal Cruelty (reduce beef production happening due to dairy products) and PROTECT OUR PLANET EARTH .....<br><br>Stabilize Our environment as Dairy farms produce METHANE which is 80% more dangerous than Carbon di oxide causing currently now Global warming ...<br>                                                            Also  70 to 80 percent agricultural land used for production of foods for this Animal husbandry ( for animals like Chicken, Cows, Goats, Pigs why because we need their meat and milk and for their 1kg meat they eat plant foods like from 5 kg to 25 kg as chicken eats 5 kg cows eats 25 kg ) think how much land we have when no one eat meat ... there will be no population issue ... hunger issue ... enivormental issue ... ğŸ˜®"
951,This is not true content..... what is the measurement tool to measure 170 million years?
952,Tussi great Ho sir ğŸ‘ğŸ¤—
953,Nice Video
954,Bhai 1 M years ne extinction ho gayaga
955,ğŸ™Œ
956,Interesting video......but I can&#39;t believe that humans were doesn&#39;t exist in dinosaur ğŸ¦• period.....
957,Bhai Greek mythology ka upar ek video banao. Plz
958,Bhai Greek mythology ka upar ek video banao
959,You deserve more followers and likes and love â¤ bro I watched your videos now &amp; your videos are bestest videos
960,Can we break Time period of Dinosaurs?ğŸ˜¢
961,Came here to watch video in pinned commy
962,I want a video regarding the holy beliefs about dinosaurs according to vedas or scriptures..that would be very interesting..
963,Wow it&#39;s interesting ğŸ˜®
964,100million pehle tu paida hua tha kya
965,"I wonder how lizards,turtles, crocodiles etc. Could survive freezing temperatures for 3 years,birds and mammals sure can."
966,2nd time watching ğŸ˜Š
967,à¤­à¤ˆà¤¯à¤¾ à¤®à¥‡à¤°à¥‡ à¤¦à¤¿à¤®à¤¾à¤— à¤®à¥‡à¤‚ à¤à¤• à¤¸à¤µà¤¾à¤² à¤šà¤² à¤°à¤¹à¤¾ à¤¹à¥ˆ à¤•à¤¿ à¤ªà¤¹à¤²à¥‡ à¤­à¤—à¤µà¤¾à¤¨ à¤¨à¥‡ à¤œà¤¨à¥à¤® à¤²à¤¿à¤¯à¤¾ à¤¥à¤¾ à¤¯à¤¾ à¤¡à¤¾à¤¯à¤¨à¤¾à¤¸à¥‹à¤° à¤¨à¥‡
968,Dhruv: kya hoga agar ek astroid earth  ko hit karega to ?<br><br>Jupiter be like: No fikar when I am hereğŸ˜‚ğŸ˜‚
969,You r So much Energetic and Allhamdolilah Ú¯ÛŒØ§Ù†ÛŒ...<br><br>Best of Luck Brother from ğŸ‡µğŸ‡°
970,Very good
971,Anyone suggest me a good movie of dinosaur pls
972,1 mil. Years me khatam ho jayaenge insan
973,supar se upar bideo
974,âš ï¸âš ï¸âš ï¸ğŸ¤”ğŸ˜°
975,Bro please time travel concept par video banao
976,Thank you so much for these wonderful knowledgeable information.... ğŸ˜Š
977,Reptiles cute dikhte the? ğŸ™„
978,1 million pe ho jayega ğŸ˜…
979,God is watching our misdeed whenever it reaches it last point!<br>Humans will be extinct
980,Everyone has to die..<br>Better be let&#39;s extinct..
981,i like your video
982,We really appreciate your work ğŸ™ğŸ»
983,well researched
984,Less than 1 millionğŸ˜¢
985,Our country has also crater in lonar lake Maharashtra
986,Stuck in dhruv rathee video loop
987,I prepared my extinction  topic of evolution and behaviour from this video <br>Omg Dhruv sir you are great thankyou so so much ğŸ’ŸğŸ¤
988,One day earth ğŸŒ the end ğŸ”šğŸ”š
989,jitni jaldi mare utni acchi hain
990,Most beautiful video!!!!
991,Explain Schrodinger act experiment!!
992,Bahut bachche se apne samjhaya.....dil jeet liya apne....â¤â¤â¤â¤
993,PLANET:_KEPLER 425B(Explain)
994,UR RIGHT BUT EVOLUTION THEORY IS WRONG
995,Dhruv Bhai mein aapka video bahut dekhte aap puche Kitna sal Tak Insan kab tak rahenge mein batata hun aapko mere hisab se Ek Aisa samay aaega itna Ghar hoga itna Ghar hoga koi kabhi khula jagah nahin dekh
996,Bhai aap sab se best youtuber ho â¤ love u bro <br>Apki videos bhot achi aur knowledge se bhar pur hoti hai
997,LOVE YOUR VIDEOS BRO GREATEST EXLAINATION IN THE WORLD
998,â¤â¤â¤â¤â¤
999,GAAN DHO KE AA PAHLE
